geo,iso-cc,geotype,key,value,population,quote,date
Baden-Württemberg,DE,state,delta_vortag,,11100394,,2020-12-27
Baden-Württemberg,DE,state,ind_alter,624,11100394,,2020-12-27
Baden-Württemberg,DE,state,ind_med,151,11100394,,2020-12-27
Baden-Württemberg,DE,state,ind_pflege,,11100394,,2020-12-27
Baden-Württemberg,DE,state,ind_prof,964,11100394,,2020-12-27
Baden-Württemberg,DE,state,sum,2084,11100394,0.02,2020-12-27
Bayern,DE,state,delta_vortag,,13124737,,2020-12-27
Bayern,DE,state,ind_alter,994,13124737,,2020-12-27
Bayern,DE,state,ind_med,68,13124737,,2020-12-27
Bayern,DE,state,ind_pflege,1620,13124737,,2020-12-27
Bayern,DE,state,ind_prof,1051,13124737,,2020-12-27
Bayern,DE,state,sum,3389,13124737,0.03,2020-12-27
Berlin,DE,state,delta_vortag,,3669491,,2020-12-27
Berlin,DE,state,ind_alter,1416,3669491,,2020-12-27
Berlin,DE,state,ind_med,105,3669491,,2020-12-27
Berlin,DE,state,ind_pflege,1398,3669491,,2020-12-27
Berlin,DE,state,ind_prof,228,3669491,,2020-12-27
Berlin,DE,state,sum,1626,3669491,0.04,2020-12-27
Brandenburg,DE,state,delta_vortag,,2521893,,2020-12-27
Brandenburg,DE,state,ind_alter,80,2521893,,2020-12-27
Brandenburg,DE,state,ind_med,,2521893,,2020-12-27
Brandenburg,DE,state,ind_pflege,12,2521893,,2020-12-27
Brandenburg,DE,state,ind_prof,20,2521893,,2020-12-27
Brandenburg,DE,state,sum,100,2521893,,2020-12-27
Bremen,DE,state,delta_vortag,,681202,,2020-12-27
Bremen,DE,state,ind_alter,205,681202,,2020-12-27
Bremen,DE,state,ind_med,,681202,,2020-12-27
Bremen,DE,state,ind_pflege,,681202,,2020-12-27
Bremen,DE,state,ind_prof,87,681202,,2020-12-27
Bremen,DE,state,sum,420,681202,0.06,2020-12-27
Germany,DE,nation,delta_vortag,1357,83166711,,2020-12-27
Germany,DE,nation,ind_alter,5833,83166711,,2020-12-27
Germany,DE,nation,ind_med,962,83166711,,2020-12-27
Germany,DE,nation,ind_pflege,11646,83166711,,2020-12-27
Germany,DE,nation,ind_prof,7618,83166711,,2020-12-27
Germany,DE,nation,sum,21566,83166711,0.03,2020-12-27
Hamburg,DE,state,delta_vortag,,1847253,,2020-12-27
Hamburg,DE,state,ind_alter,197,1847253,,2020-12-27
Hamburg,DE,state,ind_med,0,1847253,,2020-12-27
Hamburg,DE,state,ind_pflege,223,1847253,,2020-12-27
Hamburg,DE,state,ind_prof,222,1847253,,2020-12-27
Hamburg,DE,state,sum,445,1847253,0.02,2020-12-27
Hessen,DE,state,delta_vortag,,6288080,,2020-12-27
Hessen,DE,state,ind_alter,1086,6288080,,2020-12-27
Hessen,DE,state,ind_med,154,6288080,,2020-12-27
Hessen,DE,state,ind_pflege,1347,6288080,,2020-12-27
Hessen,DE,state,ind_prof,1694,6288080,,2020-12-27
Hessen,DE,state,sum,3112,6288080,0.05,2020-12-27
Mecklenburg-Vorpommern,DE,state,delta_vortag,,1608138,,2020-12-27
Mecklenburg-Vorpommern,DE,state,ind_alter,,1608138,,2020-12-27
Mecklenburg-Vorpommern,DE,state,ind_med,,1608138,,2020-12-27
Mecklenburg-Vorpommern,DE,state,ind_pflege,350,1608138,,2020-12-27
Mecklenburg-Vorpommern,DE,state,ind_prof,240,1608138,,2020-12-27
Mecklenburg-Vorpommern,DE,state,sum,590,1608138,0.04,2020-12-27
Niedersachsen,DE,state,delta_vortag,,7993608,,2020-12-27
Niedersachsen,DE,state,ind_alter,42,7993608,,2020-12-27
Niedersachsen,DE,state,ind_med,140,7993608,,2020-12-27
Niedersachsen,DE,state,ind_pflege,306,7993608,,2020-12-27
Niedersachsen,DE,state,ind_prof,116,7993608,,2020-12-27
Niedersachsen,DE,state,sum,334,7993608,,2020-12-27
Nordrhein-Westfalen,DE,state,delta_vortag,,17947221,,2020-12-27
Nordrhein-Westfalen,DE,state,ind_alter,,17947221,,2020-12-27
Nordrhein-Westfalen,DE,state,ind_med,,17947221,,2020-12-27
Nordrhein-Westfalen,DE,state,ind_pflege,3985,17947221,,2020-12-27
Nordrhein-Westfalen,DE,state,ind_prof,1370,17947221,,2020-12-27
Nordrhein-Westfalen,DE,state,sum,5405,17947221,0.03,2020-12-27
Rheinland-Pfalz,DE,state,delta_vortag,,4093903,,2020-12-27
Rheinland-Pfalz,DE,state,ind_alter,,4093903,,2020-12-27
Rheinland-Pfalz,DE,state,ind_med,,4093903,,2020-12-27
Rheinland-Pfalz,DE,state,ind_pflege,632,4093903,,2020-12-27
Rheinland-Pfalz,DE,state,ind_prof,620,4093903,,2020-12-27
Rheinland-Pfalz,DE,state,sum,1252,4093903,0.03,2020-12-27
Saarland,DE,state,delta_vortag,,986887,,2020-12-27
Saarland,DE,state,ind_alter,168,986887,,2020-12-27
Saarland,DE,state,ind_med,,986887,,2020-12-27
Saarland,DE,state,ind_pflege,211,986887,,2020-12-27
Saarland,DE,state,ind_prof,4,986887,,2020-12-27
Saarland,DE,state,sum,215,986887,0.02,2020-12-27
Sachsen-Anhalt,DE,state,delta_vortag,1357,2194782,,2020-12-27
Sachsen-Anhalt,DE,state,ind_alter,669,2194782,,2020-12-27
Sachsen-Anhalt,DE,state,ind_med,0,2194782,,2020-12-27
Sachsen-Anhalt,DE,state,ind_pflege,847,2194782,,2020-12-27
Sachsen-Anhalt,DE,state,ind_prof,644,2194782,,2020-12-27
Sachsen-Anhalt,DE,state,sum,1504,2194782,0.07,2020-12-27
Sachsen,DE,state,delta_vortag,,4071971,,2020-12-27
Sachsen,DE,state,ind_alter,90,4071971,,2020-12-27
Sachsen,DE,state,ind_med,0,4071971,,2020-12-27
Sachsen,DE,state,ind_pflege,113,4071971,,2020-12-27
Sachsen,DE,state,ind_prof,69,4071971,,2020-12-27
Sachsen,DE,state,sum,182,4071971,,2020-12-27
Schleswig-Holstein,DE,state,delta_vortag,,2903773,,2020-12-27
Schleswig-Holstein,DE,state,ind_alter,213,2903773,,2020-12-27
Schleswig-Holstein,DE,state,ind_med,344,2903773,,2020-12-27
Schleswig-Holstein,DE,state,ind_pflege,553,2903773,,2020-12-27
Schleswig-Holstein,DE,state,ind_prof,239,2903773,,2020-12-27
Schleswig-Holstein,DE,state,sum,809,2903773,0.03,2020-12-27
Thüringen,DE,state,delta_vortag,,2133378,,2020-12-27
Thüringen,DE,state,ind_alter,49,2133378,,2020-12-27
Thüringen,DE,state,ind_med,,2133378,,2020-12-27
Thüringen,DE,state,ind_pflege,49,2133378,,2020-12-27
Thüringen,DE,state,ind_prof,50,2133378,,2020-12-27
Thüringen,DE,state,sum,99,2133378,,2020-12-27
Baden-Württemberg,DE,state,delta_vortag,2560,11100394,,2020-12-28
Baden-Württemberg,DE,state,ind_alter,1720,11100394,,2020-12-28
Baden-Württemberg,DE,state,ind_med,326,11100394,,2020-12-28
Baden-Württemberg,DE,state,ind_pflege,192,11100394,,2020-12-28
Baden-Württemberg,DE,state,ind_prof,1877,11100394,,2020-12-28
Baden-Württemberg,DE,state,sum,4721,11100394,0.04,2020-12-28
Bayern,DE,state,delta_vortag,1830,13124737,,2020-12-28
Bayern,DE,state,ind_alter,1457,13124737,,2020-12-28
Bayern,DE,state,ind_med,91,13124737,,2020-12-28
Bayern,DE,state,ind_pflege,2423,13124737,,2020-12-28
Bayern,DE,state,ind_prof,1830,13124737,,2020-12-28
Bayern,DE,state,sum,5219,13124737,0.04,2020-12-28
Berlin,DE,state,delta_vortag,2213,3669491,,2020-12-28
Berlin,DE,state,ind_alter,3340,3669491,,2020-12-28
Berlin,DE,state,ind_med,105,3669491,,2020-12-28
Berlin,DE,state,ind_pflege,3322,3669491,,2020-12-28
Berlin,DE,state,ind_prof,517,3669491,,2020-12-28
Berlin,DE,state,sum,3839,3669491,0.1,2020-12-28
Brandenburg,DE,state,delta_vortag,75,2521893,,2020-12-28
Brandenburg,DE,state,ind_alter,60,2521893,,2020-12-28
Brandenburg,DE,state,ind_med,,2521893,,2020-12-28
Brandenburg,DE,state,ind_pflege,60,2521893,,2020-12-28
Brandenburg,DE,state,ind_prof,47,2521893,,2020-12-28
Brandenburg,DE,state,sum,107,2521893,,2020-12-28
Bremen,DE,state,delta_vortag,174,681202,,2020-12-28
Bremen,DE,state,ind_alter,276,681202,,2020-12-28
Bremen,DE,state,ind_med,,681202,,2020-12-28
Bremen,DE,state,ind_pflege,278,681202,,2020-12-28
Bremen,DE,state,ind_prof,133,681202,,2020-12-28
Bremen,DE,state,sum,592,681202,0.09,2020-12-28
Germany,DE,nation,delta_vortag,19084,83166711,,2020-12-28
Germany,DE,nation,ind_alter,12232,83166711,,2020-12-28
Germany,DE,nation,ind_med,1661,83166711,,2020-12-28
Germany,DE,nation,ind_pflege,21767,83166711,,2020-12-28
Germany,DE,nation,ind_prof,14964,83166711,,2020-12-28
Germany,DE,nation,sum,41962,83166711,0.05,2020-12-28
Hamburg,DE,state,delta_vortag,626,1847253,,2020-12-28
Hamburg,DE,state,ind_alter,507,1847253,,2020-12-28
Hamburg,DE,state,ind_med,,1847253,,2020-12-28
Hamburg,DE,state,ind_pflege,600,1847253,,2020-12-28
Hamburg,DE,state,ind_prof,471,1847253,,2020-12-28
Hamburg,DE,state,sum,1071,1847253,0.06,2020-12-28
Hessen,DE,state,delta_vortag,1242,6288080,,2020-12-28
Hessen,DE,state,ind_alter,1480,6288080,,2020-12-28
Hessen,DE,state,ind_med,287,6288080,,2020-12-28
Hessen,DE,state,ind_pflege,1702,6288080,,2020-12-28
Hessen,DE,state,ind_prof,2425,6288080,,2020-12-28
Hessen,DE,state,sum,4354,6288080,0.07,2020-12-28
Mecklenburg-Vorpommern,DE,state,delta_vortag,3488,1608138,,2020-12-28
Mecklenburg-Vorpommern,DE,state,ind_alter,100,1608138,,2020-12-28
Mecklenburg-Vorpommern,DE,state,ind_med,2,1608138,,2020-12-28
Mecklenburg-Vorpommern,DE,state,ind_pflege,2209,1608138,,2020-12-28
Mecklenburg-Vorpommern,DE,state,ind_prof,1862,1608138,,2020-12-28
Mecklenburg-Vorpommern,DE,state,sum,4170,1608138,0.26,2020-12-28
Niedersachsen,DE,state,delta_vortag,501,7993608,,2020-12-28
Niedersachsen,DE,state,ind_alter,79,7993608,,2020-12-28
Niedersachsen,DE,state,ind_med,141,7993608,,2020-12-28
Niedersachsen,DE,state,ind_pflege,552,7993608,,2020-12-28
Niedersachsen,DE,state,ind_prof,370,7993608,,2020-12-28
Niedersachsen,DE,state,sum,835,7993608,0.01,2020-12-28
Nordrhein-Westfalen,DE,state,delta_vortag,518,17947221,,2020-12-28
Nordrhein-Westfalen,DE,state,ind_alter,,17947221,,2020-12-28
Nordrhein-Westfalen,DE,state,ind_med,,17947221,,2020-12-28
Nordrhein-Westfalen,DE,state,ind_pflege,5348,17947221,,2020-12-28
Nordrhein-Westfalen,DE,state,ind_prof,1788,17947221,,2020-12-28
Nordrhein-Westfalen,DE,state,sum,7136,17947221,0.04,2020-12-28
Rheinland-Pfalz,DE,state,delta_vortag,210,4093903,,2020-12-28
Rheinland-Pfalz,DE,state,ind_alter,,4093903,,2020-12-28
Rheinland-Pfalz,DE,state,ind_med,,4093903,,2020-12-28
Rheinland-Pfalz,DE,state,ind_pflege,747,4093903,,2020-12-28
Rheinland-Pfalz,DE,state,ind_prof,715,4093903,,2020-12-28
Rheinland-Pfalz,DE,state,sum,1462,4093903,0.04,2020-12-28
Saarland,DE,state,delta_vortag,647,986887,,2020-12-28
Saarland,DE,state,ind_alter,658,986887,,2020-12-28
Saarland,DE,state,ind_med,,986887,,2020-12-28
Saarland,DE,state,ind_pflege,466,986887,,2020-12-28
Saarland,DE,state,ind_prof,51,986887,,2020-12-28
Saarland,DE,state,sum,862,986887,0.09,2020-12-28
Sachsen-Anhalt,DE,state,delta_vortag,2481,2194782,,2020-12-28
Sachsen-Anhalt,DE,state,ind_alter,1592,2194782,,2020-12-28
Sachsen-Anhalt,DE,state,ind_med,124,2194782,,2020-12-28
Sachsen-Anhalt,DE,state,ind_pflege,2292,2194782,,2020-12-28
Sachsen-Anhalt,DE,state,ind_prof,1678,2194782,,2020-12-28
Sachsen-Anhalt,DE,state,sum,3985,2194782,0.18,2020-12-28
Sachsen,DE,state,delta_vortag,675,4071971,,2020-12-28
Sachsen,DE,state,ind_alter,240,4071971,,2020-12-28
Sachsen,DE,state,ind_med,1,4071971,,2020-12-28
Sachsen,DE,state,ind_pflege,305,4071971,,2020-12-28
Sachsen,DE,state,ind_prof,551,4071971,,2020-12-28
Sachsen,DE,state,sum,857,4071971,0.02,2020-12-28
Schleswig-Holstein,DE,state,delta_vortag,1686,2903773,,2020-12-28
Schleswig-Holstein,DE,state,ind_alter,588,2903773,,2020-12-28
Schleswig-Holstein,DE,state,ind_med,584,2903773,,2020-12-28
Schleswig-Holstein,DE,state,ind_pflege,1136,2903773,,2020-12-28
Schleswig-Holstein,DE,state,ind_prof,528,2903773,,2020-12-28
Schleswig-Holstein,DE,state,sum,2495,2903773,0.09,2020-12-28
Thüringen,DE,state,delta_vortag,158,2133378,,2020-12-28
Thüringen,DE,state,ind_alter,135,2133378,,2020-12-28
Thüringen,DE,state,ind_med,,2133378,,2020-12-28
Thüringen,DE,state,ind_pflege,135,2133378,,2020-12-28
Thüringen,DE,state,ind_prof,121,2133378,,2020-12-28
Thüringen,DE,state,sum,257,2133378,0.01,2020-12-28
Baden-Württemberg,DE,state,delta_vortag,3509,11100394,,2020-12-29
Baden-Württemberg,DE,state,ind_alter,3243,11100394,,2020-12-29
Baden-Württemberg,DE,state,ind_med,517,11100394,,2020-12-29
Baden-Württemberg,DE,state,ind_pflege,933,11100394,,2020-12-29
Baden-Württemberg,DE,state,ind_prof,2994,11100394,,2020-12-29
Baden-Württemberg,DE,state,sum,8242,11100394,0.07,2020-12-29
Bayern,DE,state,delta_vortag,7716,13124737,,2020-12-29
Bayern,DE,state,ind_alter,3010,13124737,,2020-12-29
Bayern,DE,state,ind_med,214,13124737,,2020-12-29
Bayern,DE,state,ind_pflege,5314,13124737,,2020-12-29
Bayern,DE,state,ind_prof,5573,13124737,,2020-12-29
Bayern,DE,state,sum,12935,13124737,0.1,2020-12-29
Berlin,DE,state,delta_vortag,2457,3669491,,2020-12-29
Berlin,DE,state,ind_alter,4918,3669491,,2020-12-29
Berlin,DE,state,ind_med,105,3669491,,2020-12-29
Berlin,DE,state,ind_pflege,4899,3669491,,2020-12-29
Berlin,DE,state,ind_prof,1396,3669491,,2020-12-29
Berlin,DE,state,sum,6296,3669491,0.17,2020-12-29
Brandenburg,DE,state,delta_vortag,1442,2521893,,2020-12-29
Brandenburg,DE,state,ind_alter,110,2521893,,2020-12-29
Brandenburg,DE,state,ind_med,13,2521893,,2020-12-29
Brandenburg,DE,state,ind_pflege,123,2521893,,2020-12-29
Brandenburg,DE,state,ind_prof,1430,2521893,,2020-12-29
Brandenburg,DE,state,sum,1553,2521893,0.06,2020-12-29
Bremen,DE,state,delta_vortag,467,681202,,2020-12-29
Bremen,DE,state,ind_alter,528,681202,,2020-12-29
Bremen,DE,state,ind_med,3,681202,,2020-12-29
Bremen,DE,state,ind_pflege,579,681202,,2020-12-29
Bremen,DE,state,ind_prof,201,681202,,2020-12-29
Bremen,DE,state,sum,1059,681202,0.16,2020-12-29
Germany,DE,nation,delta_vortag,37273,83166711,,2020-12-29
Germany,DE,nation,ind_alter,20913,83166711,,2020-12-29
Germany,DE,nation,ind_med,2635,83166711,,2020-12-29
Germany,DE,nation,ind_pflege,37302,83166711,,2020-12-29
Germany,DE,nation,ind_prof,32678,83166711,,2020-12-29
Germany,DE,nation,sum,78109,83166711,0.09,2020-12-29
Hamburg,DE,state,delta_vortag,428,1847253,,2020-12-29
Hamburg,DE,state,ind_alter,704,1847253,,2020-12-29
Hamburg,DE,state,ind_med,0,1847253,,2020-12-29
Hamburg,DE,state,ind_pflege,839,1847253,,2020-12-29
Hamburg,DE,state,ind_prof,661,1847253,,2020-12-29
Hamburg,DE,state,sum,1499,1847253,0.08,2020-12-29
Hessen,DE,state,delta_vortag,5094,6288080,,2020-12-29
Hessen,DE,state,ind_alter,3041,6288080,,2020-12-29
Hessen,DE,state,ind_med,500,6288080,,2020-12-29
Hessen,DE,state,ind_pflege,3825,6288080,,2020-12-29
Hessen,DE,state,ind_prof,5092,6288080,,2020-12-29
Hessen,DE,state,sum,9448,6288080,0.15,2020-12-29
Mecklenburg-Vorpommern,DE,state,delta_vortag,3711,1608138,,2020-12-29
Mecklenburg-Vorpommern,DE,state,ind_alter,87,1608138,,2020-12-29
Mecklenburg-Vorpommern,DE,state,ind_med,4,1608138,,2020-12-29
Mecklenburg-Vorpommern,DE,state,ind_pflege,3231,1608138,,2020-12-29
Mecklenburg-Vorpommern,DE,state,ind_prof,4011,1608138,,2020-12-29
Mecklenburg-Vorpommern,DE,state,sum,7338,1608138,0.46,2020-12-29
Niedersachsen,DE,state,delta_vortag,692,7993608,,2020-12-29
Niedersachsen,DE,state,ind_alter,83,7993608,,2020-12-29
Niedersachsen,DE,state,ind_med,145,7993608,,2020-12-29
Niedersachsen,DE,state,ind_pflege,794,7993608,,2020-12-29
Niedersachsen,DE,state,ind_prof,824,7993608,,2020-12-29
Niedersachsen,DE,state,sum,1527,7993608,0.02,2020-12-29
Nordrhein-Westfalen,DE,state,delta_vortag,3857,17947221,,2020-12-29
Nordrhein-Westfalen,DE,state,ind_alter,0,17947221,,2020-12-29
Nordrhein-Westfalen,DE,state,ind_med,0,17947221,,2020-12-29
Nordrhein-Westfalen,DE,state,ind_pflege,8622,17947221,,2020-12-29
Nordrhein-Westfalen,DE,state,ind_prof,2771,17947221,,2020-12-29
Nordrhein-Westfalen,DE,state,sum,11385,17947221,0.06,2020-12-29
Rheinland-Pfalz,DE,state,delta_vortag,822,4093903,,2020-12-29
Rheinland-Pfalz,DE,state,ind_alter,0,4093903,,2020-12-29
Rheinland-Pfalz,DE,state,ind_med,0,4093903,,2020-12-29
Rheinland-Pfalz,DE,state,ind_pflege,1273,4093903,,2020-12-29
Rheinland-Pfalz,DE,state,ind_prof,1011,4093903,,2020-12-29
Rheinland-Pfalz,DE,state,sum,2284,4093903,0.06,2020-12-29
Saarland,DE,state,delta_vortag,656,986887,,2020-12-29
Saarland,DE,state,ind_alter,1177,986887,,2020-12-29
Saarland,DE,state,ind_med,0,986887,,2020-12-29
Saarland,DE,state,ind_pflege,711,986887,,2020-12-29
Saarland,DE,state,ind_prof,101,986887,,2020-12-29
Saarland,DE,state,sum,1518,986887,0.15,2020-12-29
Sachsen-Anhalt,DE,state,delta_vortag,3302,2194782,,2020-12-29
Sachsen-Anhalt,DE,state,ind_alter,2620,2194782,,2020-12-29
Sachsen-Anhalt,DE,state,ind_med,262,2194782,,2020-12-29
Sachsen-Anhalt,DE,state,ind_pflege,3942,2194782,,2020-12-29
Sachsen-Anhalt,DE,state,ind_prof,3209,2194782,,2020-12-29
Sachsen-Anhalt,DE,state,sum,7287,2194782,0.33,2020-12-29
Sachsen,DE,state,delta_vortag,812,4071971,,2020-12-29
Sachsen,DE,state,ind_alter,150,4071971,,2020-12-29
Sachsen,DE,state,ind_med,1,4071971,,2020-12-29
Sachsen,DE,state,ind_pflege,192,4071971,,2020-12-29
Sachsen,DE,state,ind_prof,1294,4071971,,2020-12-29
Sachsen,DE,state,sum,1487,4071971,0.04,2020-12-29
Schleswig-Holstein,DE,state,delta_vortag,1893,2903773,,2020-12-29
Schleswig-Holstein,DE,state,ind_alter,1016,2903773,,2020-12-29
Schleswig-Holstein,DE,state,ind_med,871,2903773,,2020-12-29
Schleswig-Holstein,DE,state,ind_pflege,1698,2903773,,2020-12-29
Schleswig-Holstein,DE,state,ind_prof,1858,2903773,,2020-12-29
Schleswig-Holstein,DE,state,sum,3579,2903773,0.12,2020-12-29
Thüringen,DE,state,delta_vortag,415,2133378,,2020-12-29
Thüringen,DE,state,ind_alter,226,2133378,,2020-12-29
Thüringen,DE,state,ind_med,0,2133378,,2020-12-29
Thüringen,DE,state,ind_pflege,327,2133378,,2020-12-29
Thüringen,DE,state,ind_prof,252,2133378,,2020-12-29
Thüringen,DE,state,sum,672,2133378,0.03,2020-12-29
Baden-Württemberg,DE,state,delta_vortag,4407,11100394,,2020-12-30
Baden-Württemberg,DE,state,ind_alter,5347,11100394,,2020-12-30
Baden-Württemberg,DE,state,ind_med,763,11100394,,2020-12-30
Baden-Württemberg,DE,state,ind_pflege,1831,11100394,,2020-12-30
Baden-Württemberg,DE,state,ind_prof,4196,11100394,,2020-12-30
Baden-Württemberg,DE,state,sum,12649,11100394,0.11,2020-12-30
Bayern,DE,state,delta_vortag,15104,13124737,,2020-12-30
Bayern,DE,state,ind_alter,5831,13124737,,2020-12-30
Bayern,DE,state,ind_med,424,13124737,,2020-12-30
Bayern,DE,state,ind_pflege,10347,13124737,,2020-12-30
Bayern,DE,state,ind_prof,13981,13124737,,2020-12-30
Bayern,DE,state,sum,28206,13124737,0.21,2020-12-30
Berlin,DE,state,delta_vortag,2788,3669491,,2020-12-30
Berlin,DE,state,ind_alter,6554,3669491,,2020-12-30
Berlin,DE,state,ind_med,105,3669491,,2020-12-30
Berlin,DE,state,ind_pflege,6350,3669491,,2020-12-30
Berlin,DE,state,ind_prof,2733,3669491,,2020-12-30
Berlin,DE,state,sum,9084,3669491,0.25,2020-12-30
Brandenburg,DE,state,delta_vortag,1483,2521893,,2020-12-30
Brandenburg,DE,state,ind_alter,204,2521893,,2020-12-30
Brandenburg,DE,state,ind_med,20,2521893,,2020-12-30
Brandenburg,DE,state,ind_pflege,224,2521893,,2020-12-30
Brandenburg,DE,state,ind_prof,2812,2521893,,2020-12-30
Brandenburg,DE,state,sum,3036,2521893,0.12,2020-12-30
Bremen,DE,state,delta_vortag,601,681202,,2020-12-30
Bremen,DE,state,ind_alter,821,681202,,2020-12-30
Bremen,DE,state,ind_med,5,681202,,2020-12-30
Bremen,DE,state,ind_pflege,510,681202,,2020-12-30
Bremen,DE,state,ind_prof,408,681202,,2020-12-30
Bremen,DE,state,sum,1691,681202,0.25,2020-12-30
Germany,DE,nation,delta_vortag,51465,83166711,,2020-12-30
Germany,DE,nation,ind_alter,31250,83166711,,2020-12-30
Germany,DE,nation,ind_med,3827,83166711,,2020-12-30
Germany,DE,nation,ind_pflege,57406,83166711,,2020-12-30
Germany,DE,nation,ind_prof,61612,83166711,,2020-12-30
Germany,DE,nation,sum,131626,83166711,0.16,2020-12-30
Hamburg,DE,state,delta_vortag,541,1847253,,2020-12-30
Hamburg,DE,state,ind_alter,832,1847253,,2020-12-30
Hamburg,DE,state,ind_med,,1847253,,2020-12-30
Hamburg,DE,state,ind_pflege,999,1847253,,2020-12-30
Hamburg,DE,state,ind_prof,1042,1847253,,2020-12-30
Hamburg,DE,state,sum,2040,1847253,0.11,2020-12-30
Hessen,DE,state,delta_vortag,6226,6288080,,2020-12-30
Hessen,DE,state,ind_alter,4677,6288080,,2020-12-30
Hessen,DE,state,ind_med,712,6288080,,2020-12-30
Hessen,DE,state,ind_pflege,6512,6288080,,2020-12-30
Hessen,DE,state,ind_prof,8681,6288080,,2020-12-30
Hessen,DE,state,sum,15674,6288080,0.25,2020-12-30
Mecklenburg-Vorpommern,DE,state,delta_vortag,3640,1608138,,2020-12-30
Mecklenburg-Vorpommern,DE,state,ind_alter,173,1608138,,2020-12-30
Mecklenburg-Vorpommern,DE,state,ind_med,7,1608138,,2020-12-30
Mecklenburg-Vorpommern,DE,state,ind_pflege,4651,1608138,,2020-12-30
Mecklenburg-Vorpommern,DE,state,ind_prof,6349,1608138,,2020-12-30
Mecklenburg-Vorpommern,DE,state,sum,11101,1608138,0.69,2020-12-30
Niedersachsen,DE,state,delta_vortag,1178,7993608,,2020-12-30
Niedersachsen,DE,state,ind_alter,296,7993608,,2020-12-30
Niedersachsen,DE,state,ind_med,315,7993608,,2020-12-30
Niedersachsen,DE,state,ind_pflege,1423,7993608,,2020-12-30
Niedersachsen,DE,state,ind_prof,1512,7993608,,2020-12-30
Niedersachsen,DE,state,sum,2705,7993608,0.03,2020-12-30
Nordrhein-Westfalen,DE,state,delta_vortag,7359,17947221,,2020-12-30
Nordrhein-Westfalen,DE,state,ind_alter,,17947221,,2020-12-30
Nordrhein-Westfalen,DE,state,ind_med,,17947221,,2020-12-30
Nordrhein-Westfalen,DE,state,ind_pflege,13693,17947221,,2020-12-30
Nordrhein-Westfalen,DE,state,ind_prof,6610,17947221,,2020-12-30
Nordrhein-Westfalen,DE,state,sum,19930,17947221,0.11,2020-12-30
Rheinland-Pfalz,DE,state,delta_vortag,1673,4093903,,2020-12-30
Rheinland-Pfalz,DE,state,ind_alter,,4093903,,2020-12-30
Rheinland-Pfalz,DE,state,ind_med,,4093903,,2020-12-30
Rheinland-Pfalz,DE,state,ind_pflege,2306,4093903,,2020-12-30
Rheinland-Pfalz,DE,state,ind_prof,1941,4093903,,2020-12-30
Rheinland-Pfalz,DE,state,sum,4247,4093903,0.1,2020-12-30
Saarland,DE,state,delta_vortag,601,986887,,2020-12-30
Saarland,DE,state,ind_alter,1641,986887,,2020-12-30
Saarland,DE,state,ind_med,,986887,,2020-12-30
Saarland,DE,state,ind_pflege,899,986887,,2020-12-30
Saarland,DE,state,ind_prof,161,986887,,2020-12-30
Saarland,DE,state,sum,2119,986887,0.21,2020-12-30
Sachsen-Anhalt,DE,state,delta_vortag,2813,2194782,,2020-12-30
Sachsen-Anhalt,DE,state,ind_alter,3107,2194782,,2020-12-30
Sachsen-Anhalt,DE,state,ind_med,300,2194782,,2020-12-30
Sachsen-Anhalt,DE,state,ind_pflege,4815,2194782,,2020-12-30
Sachsen-Anhalt,DE,state,ind_prof,5068,2194782,,2020-12-30
Sachsen-Anhalt,DE,state,sum,10100,2194782,0.46,2020-12-30
Sachsen,DE,state,delta_vortag,1166,4071971,,2020-12-30
Sachsen,DE,state,ind_alter,150,4071971,,2020-12-30
Sachsen,DE,state,ind_med,1,4071971,,2020-12-30
Sachsen,DE,state,ind_pflege,192,4071971,,2020-12-30
Sachsen,DE,state,ind_prof,2460,4071971,,2020-12-30
Sachsen,DE,state,sum,2653,4071971,0.07,2020-12-30
Schleswig-Holstein,DE,state,delta_vortag,1747,2903773,,2020-12-30
Schleswig-Holstein,DE,state,ind_alter,1385,2903773,,2020-12-30
Schleswig-Holstein,DE,state,ind_med,1175,2903773,,2020-12-30
Schleswig-Holstein,DE,state,ind_pflege,2241,2903773,,2020-12-30
Schleswig-Holstein,DE,state,ind_prof,3361,2903773,,2020-12-30
Schleswig-Holstein,DE,state,sum,5581,2903773,0.19,2020-12-30
Thüringen,DE,state,delta_vortag,138,2133378,,2020-12-30
Thüringen,DE,state,ind_alter,232,2133378,,2020-12-30
Thüringen,DE,state,ind_med,,2133378,,2020-12-30
Thüringen,DE,state,ind_pflege,413,2133378,,2020-12-30
Thüringen,DE,state,ind_prof,297,2133378,,2020-12-30
Thüringen,DE,state,sum,810,2133378,0.04,2020-12-30
Baden-Württemberg,DE,state,delta_vortag,4295,11100394,,2020-12-31
Baden-Württemberg,DE,state,ind_alter,7578,11100394,,2020-12-31
Baden-Württemberg,DE,state,ind_med,1037,11100394,,2020-12-31
Baden-Württemberg,DE,state,ind_pflege,2693,11100394,,2020-12-31
Baden-Württemberg,DE,state,ind_prof,5423,11100394,,2020-12-31
Baden-Württemberg,DE,state,sum,17086,11100394,0.15,2020-12-31
Bayern,DE,state,delta_vortag,9749,13124737,,2020-12-31
Bayern,DE,state,ind_alter,7840,13124737,,2020-12-31
Bayern,DE,state,ind_med,718,13124737,,2020-12-31
Bayern,DE,state,ind_pflege,14265,13124737,,2020-12-31
Bayern,DE,state,ind_prof,18450,13124737,,2020-12-31
Bayern,DE,state,sum,37955,13124737,0.29,2020-12-31
Berlin,DE,state,delta_vortag,2030,3669491,,2020-12-31
Berlin,DE,state,ind_alter,7029,3669491,,2020-12-31
Berlin,DE,state,ind_med,105,3669491,,2020-12-31
Berlin,DE,state,ind_pflege,8161,3669491,,2020-12-31
Berlin,DE,state,ind_prof,2952,3669491,,2020-12-31
Berlin,DE,state,sum,11114,3669491,0.3,2020-12-31
Brandenburg,DE,state,delta_vortag,183,2521893,,2020-12-31
Brandenburg,DE,state,ind_alter,204,2521893,,2020-12-31
Brandenburg,DE,state,ind_med,20,2521893,,2020-12-31
Brandenburg,DE,state,ind_pflege,224,2521893,,2020-12-31
Brandenburg,DE,state,ind_prof,2995,2521893,,2020-12-31
Brandenburg,DE,state,sum,3219,2521893,0.13,2020-12-31
Bremen,DE,state,delta_vortag,50,681202,,2020-12-31
Bremen,DE,state,ind_alter,821,681202,,2020-12-31
Bremen,DE,state,ind_med,6,681202,,2020-12-31
Bremen,DE,state,ind_pflege,237,681202,,2020-12-31
Bremen,DE,state,ind_prof,408,681202,,2020-12-31
Bremen,DE,state,sum,1741,681202,0.26,2020-12-31
Germany,DE,nation,delta_vortag,31846,83166711,,2020-12-31
Germany,DE,nation,ind_alter,39214,83166711,,2020-12-31
Germany,DE,nation,ind_med,5355,83166711,,2020-12-31
Germany,DE,nation,ind_pflege,71590,83166711,,2020-12-31
Germany,DE,nation,ind_prof,77253,83166711,,2020-12-31
Germany,DE,nation,sum,165575,83166711,0.2,2020-12-31
Hamburg,DE,state,delta_vortag,719,1847253,,2020-12-31
Hamburg,DE,state,ind_alter,1129,1847253,,2020-12-31
Hamburg,DE,state,ind_med,,1847253,,2020-12-31
Hamburg,DE,state,ind_pflege,1341,1847253,,2020-12-31
Hamburg,DE,state,ind_prof,1420,1847253,,2020-12-31
Hamburg,DE,state,sum,2759,1847253,0.15,2020-12-31
Hessen,DE,state,delta_vortag,5699,6288080,,2020-12-31
Hessen,DE,state,ind_alter,6073,6288080,,2020-12-31
Hessen,DE,state,ind_med,821,6288080,,2020-12-31
Hessen,DE,state,ind_pflege,8513,6288080,,2020-12-31
Hessen,DE,state,ind_prof,12345,6288080,,2020-12-31
Hessen,DE,state,sum,21373,6288080,0.34,2020-12-31
Mecklenburg-Vorpommern,DE,state,delta_vortag,393,1608138,,2020-12-31
Mecklenburg-Vorpommern,DE,state,ind_alter,178,1608138,,2020-12-31
Mecklenburg-Vorpommern,DE,state,ind_med,8,1608138,,2020-12-31
Mecklenburg-Vorpommern,DE,state,ind_pflege,4804,1608138,,2020-12-31
Mecklenburg-Vorpommern,DE,state,ind_prof,6583,1608138,,2020-12-31
Mecklenburg-Vorpommern,DE,state,sum,11494,1608138,0.71,2020-12-31
Niedersachsen,DE,state,delta_vortag,861,7993608,,2020-12-31
Niedersachsen,DE,state,ind_alter,567,7993608,,2020-12-31
Niedersachsen,DE,state,ind_med,654,7993608,,2020-12-31
Niedersachsen,DE,state,ind_pflege,2044,7993608,,2020-12-31
Niedersachsen,DE,state,ind_prof,1981,7993608,,2020-12-31
Niedersachsen,DE,state,sum,3566,7993608,0.04,2020-12-31
Nordrhein-Westfalen,DE,state,delta_vortag,3033,17947221,,2020-12-31
Nordrhein-Westfalen,DE,state,ind_alter,,17947221,,2020-12-31
Nordrhein-Westfalen,DE,state,ind_med,,17947221,,2020-12-31
Nordrhein-Westfalen,DE,state,ind_pflege,16334,17947221,,2020-12-31
Nordrhein-Westfalen,DE,state,ind_prof,8963,17947221,,2020-12-31
Nordrhein-Westfalen,DE,state,sum,24924,17947221,0.14,2020-12-31
Rheinland-Pfalz,DE,state,delta_vortag,865,4093903,,2020-12-31
Rheinland-Pfalz,DE,state,ind_alter,,4093903,,2020-12-31
Rheinland-Pfalz,DE,state,ind_med,,4093903,,2020-12-31
Rheinland-Pfalz,DE,state,ind_pflege,2783,4093903,,2020-12-31
Rheinland-Pfalz,DE,state,ind_prof,2329,4093903,,2020-12-31
Rheinland-Pfalz,DE,state,sum,5112,4093903,0.12,2020-12-31
Saarland,DE,state,delta_vortag,597,986887,,2020-12-31
Saarland,DE,state,ind_alter,2065,986887,,2020-12-31
Saarland,DE,state,ind_med,,986887,,2020-12-31
Saarland,DE,state,ind_pflege,1080,986887,,2020-12-31
Saarland,DE,state,ind_prof,248,986887,,2020-12-31
Saarland,DE,state,sum,2716,986887,0.28,2020-12-31
Sachsen-Anhalt,DE,state,delta_vortag,1046,2194782,,2020-12-31
Sachsen-Anhalt,DE,state,ind_alter,3506,2194782,,2020-12-31
Sachsen-Anhalt,DE,state,ind_med,458,2194782,,2020-12-31
Sachsen-Anhalt,DE,state,ind_pflege,5346,2194782,,2020-12-31
Sachsen-Anhalt,DE,state,ind_prof,5582,2194782,,2020-12-31
Sachsen-Anhalt,DE,state,sum,11146,2194782,0.51,2020-12-31
Sachsen,DE,state,delta_vortag,637,4071971,,2020-12-31
Sachsen,DE,state,ind_alter,226,4071971,,2020-12-31
Sachsen,DE,state,ind_med,1,4071971,,2020-12-31
Sachsen,DE,state,ind_pflege,535,4071971,,2020-12-31
Sachsen,DE,state,ind_prof,2754,4071971,,2020-12-31
Sachsen,DE,state,sum,3290,4071971,0.08,2020-12-31
Schleswig-Holstein,DE,state,delta_vortag,1689,2903773,,2020-12-31
Schleswig-Holstein,DE,state,ind_alter,1766,2903773,,2020-12-31
Schleswig-Holstein,DE,state,ind_med,1527,2903773,,2020-12-31
Schleswig-Holstein,DE,state,ind_pflege,2817,2903773,,2020-12-31
Schleswig-Holstein,DE,state,ind_prof,4523,2903773,,2020-12-31
Schleswig-Holstein,DE,state,sum,7270,2903773,0.25,2020-12-31
Thüringen,DE,state,delta_vortag,0,2133378,,2020-12-31
Thüringen,DE,state,ind_alter,232,2133378,,2020-12-31
Thüringen,DE,state,ind_med,0,2133378,,2020-12-31
Thüringen,DE,state,ind_pflege,413,2133378,,2020-12-31
Thüringen,DE,state,ind_prof,297,2133378,,2020-12-31
Thüringen,DE,state,sum,810,2133378,0.04,2020-12-31
Baden-Württemberg,DE,state,delta_vortag,2958,11100394,,2021-01-01
Baden-Württemberg,DE,state,ind_alter,9087,11100394,,2021-01-01
Baden-Württemberg,DE,state,ind_med,1189,11100394,,2021-01-01
Baden-Württemberg,DE,state,ind_pflege,3403,11100394,,2021-01-01
Baden-Württemberg,DE,state,ind_prof,6185,11100394,,2021-01-01
Baden-Württemberg,DE,state,sum,20045,11100394,0.18,2021-01-01
Bayern,DE,state,delta_vortag,1050,13124737,,2021-01-01
Bayern,DE,state,ind_alter,7840,13124737,,2021-01-01
Bayern,DE,state,ind_med,718,13124737,,2021-01-01
Bayern,DE,state,ind_pflege,14265,13124737,,2021-01-01
Bayern,DE,state,ind_prof,19500,13124737,,2021-01-01
Bayern,DE,state,sum,39005,13124737,0.3,2021-01-01
Berlin,DE,state,delta_vortag,2023,3669491,,2021-01-01
Berlin,DE,state,ind_alter,8662,3669491,,2021-01-01
Berlin,DE,state,ind_med,105,3669491,,2021-01-01
Berlin,DE,state,ind_pflege,9817,3669491,,2021-01-01
Berlin,DE,state,ind_prof,3319,3669491,,2021-01-01
Berlin,DE,state,sum,13137,3669491,0.36,2021-01-01
Brandenburg,DE,state,delta_vortag,,2521893,,2021-01-01
Brandenburg,DE,state,ind_alter,204,2521893,,2021-01-01
Brandenburg,DE,state,ind_med,20,2521893,,2021-01-01
Brandenburg,DE,state,ind_pflege,224,2521893,,2021-01-01
Brandenburg,DE,state,ind_prof,2995,2521893,,2021-01-01
Brandenburg,DE,state,sum,3219,2521893,0.13,2021-01-01
Bremen,DE,state,delta_vortag,,681202,,2021-01-01
Bremen,DE,state,ind_alter,821,681202,,2021-01-01
Bremen,DE,state,ind_med,6,681202,,2021-01-01
Bremen,DE,state,ind_pflege,237,681202,,2021-01-01
Bremen,DE,state,ind_prof,408,681202,,2021-01-01
Bremen,DE,state,sum,1741,681202,0.26,2021-01-01
Germany,DE,nation,delta_vortag,21087,83166711,,2021-01-01
Germany,DE,nation,ind_alter,44552,83166711,,2021-01-01
Germany,DE,nation,ind_med,6122,83166711,,2021-01-01
Germany,DE,nation,ind_pflege,82965,83166711,,2021-01-01
Germany,DE,nation,ind_prof,86692,83166711,,2021-01-01
Germany,DE,nation,sum,188553,83166711,0.23,2021-01-01
Hamburg,DE,state,delta_vortag,283,1847253,,2021-01-01
Hamburg,DE,state,ind_alter,1129,1847253,,2021-01-01
Hamburg,DE,state,ind_med,,1847253,,2021-01-01
Hamburg,DE,state,ind_pflege,1341,1847253,,2021-01-01
Hamburg,DE,state,ind_prof,1703,1847253,,2021-01-01
Hamburg,DE,state,sum,3042,1847253,0.16,2021-01-01
Hessen,DE,state,delta_vortag,3418,6288080,,2021-01-01
Hessen,DE,state,ind_alter,6909,6288080,,2021-01-01
Hessen,DE,state,ind_med,955,6288080,,2021-01-01
Hessen,DE,state,ind_pflege,9680,6288080,,2021-01-01
Hessen,DE,state,ind_prof,14480,6288080,,2021-01-01
Hessen,DE,state,sum,24791,6288080,0.39,2021-01-01
Mecklenburg-Vorpommern,DE,state,delta_vortag,,1608138,,2021-01-01
Mecklenburg-Vorpommern,DE,state,ind_alter,178,1608138,,2021-01-01
Mecklenburg-Vorpommern,DE,state,ind_med,8,1608138,,2021-01-01
Mecklenburg-Vorpommern,DE,state,ind_pflege,4804,1608138,,2021-01-01
Mecklenburg-Vorpommern,DE,state,ind_prof,6583,1608138,,2021-01-01
Mecklenburg-Vorpommern,DE,state,sum,11494,1608138,0.71,2021-01-01
Niedersachsen,DE,state,delta_vortag,379,7993608,,2021-01-01
Niedersachsen,DE,state,ind_alter,773,7993608,,2021-01-01
Niedersachsen,DE,state,ind_med,827,7993608,,2021-01-01
Niedersachsen,DE,state,ind_pflege,2362,7993608,,2021-01-01
Niedersachsen,DE,state,ind_prof,2105,7993608,,2021-01-01
Niedersachsen,DE,state,sum,3945,7993608,0.05,2021-01-01
Nordrhein-Westfalen,DE,state,delta_vortag,7908,17947221,,2021-01-01
Nordrhein-Westfalen,DE,state,ind_alter,,17947221,,2021-01-01
Nordrhein-Westfalen,DE,state,ind_med,0,17947221,,2021-01-01
Nordrhein-Westfalen,DE,state,ind_pflege,21537,17947221,,2021-01-01
Nordrhein-Westfalen,DE,state,ind_prof,11846,17947221,,2021-01-01
Nordrhein-Westfalen,DE,state,sum,33375,17947221,0.19,2021-01-01
Rheinland-Pfalz,DE,state,delta_vortag,439,4093903,,2021-01-01
Rheinland-Pfalz,DE,state,ind_alter,,4093903,,2021-01-01
Rheinland-Pfalz,DE,state,ind_med,,4093903,,2021-01-01
Rheinland-Pfalz,DE,state,ind_pflege,3732,4093903,,2021-01-01
Rheinland-Pfalz,DE,state,ind_prof,3166,4093903,,2021-01-01
Rheinland-Pfalz,DE,state,sum,6898,4093903,0.17,2021-01-01
Saarland,DE,state,delta_vortag,600,986887,,2021-01-01
Saarland,DE,state,ind_alter,2508,986887,,2021-01-01
Saarland,DE,state,ind_med,,986887,,2021-01-01
Saarland,DE,state,ind_pflege,1294,986887,,2021-01-01
Saarland,DE,state,ind_prof,335,986887,,2021-01-01
Saarland,DE,state,sum,3316,986887,0.34,2021-01-01
Sachsen-Anhalt,DE,state,delta_vortag,625,2194782,,2021-01-01
Sachsen-Anhalt,DE,state,ind_alter,3782,2194782,,2021-01-01
Sachsen-Anhalt,DE,state,ind_med,495,2194782,,2021-01-01
Sachsen-Anhalt,DE,state,ind_pflege,5793,2194782,,2021-01-01
Sachsen-Anhalt,DE,state,ind_prof,5760,2194782,,2021-01-01
Sachsen-Anhalt,DE,state,sum,11771,2194782,0.54,2021-01-01
Sachsen,DE,state,delta_vortag,710,4071971,,2021-01-01
Sachsen,DE,state,ind_alter,297,4071971,,2021-01-01
Sachsen,DE,state,ind_med,1,4071971,,2021-01-01
Sachsen,DE,state,ind_pflege,679,4071971,,2021-01-01
Sachsen,DE,state,ind_prof,3320,4071971,,2021-01-01
Sachsen,DE,state,sum,4000,4071971,0.1,2021-01-01
Schleswig-Holstein,DE,state,delta_vortag,694,2903773,,2021-01-01
Schleswig-Holstein,DE,state,ind_alter,2130,2903773,,2021-01-01
Schleswig-Holstein,DE,state,ind_med,1798,2903773,,2021-01-01
Schleswig-Holstein,DE,state,ind_pflege,3384,2903773,,2021-01-01
Schleswig-Holstein,DE,state,ind_prof,4690,2903773,,2021-01-01
Schleswig-Holstein,DE,state,sum,7964,2903773,0.27,2021-01-01
Thüringen,DE,state,delta_vortag,,2133378,,2021-01-01
Thüringen,DE,state,ind_alter,232,2133378,,2021-01-01
Thüringen,DE,state,ind_med,,2133378,,2021-01-01
Thüringen,DE,state,ind_pflege,413,2133378,,2021-01-01
Thüringen,DE,state,ind_prof,297,2133378,,2021-01-01
Thüringen,DE,state,sum,810,2133378,0.04,2021-01-01
Baden-Württemberg,DE,state,sum,24063,11100394,0.22,2021-01-02
Baden-Württemberg,DE,state,delta_vortag,4014,11100394,,2021-01-02
Baden-Württemberg,DE,state,ind_alter,11041,11100394,,2021-01-02
Baden-Württemberg,DE,state,ind_prof,7428,11100394,,2021-01-02
Baden-Württemberg,DE,state,ind_med,1382,11100394,,2021-01-02
Baden-Württemberg,DE,state,ind_pflege,4200,11100394,,2021-01-02
Bayern,DE,state,sum,57833,13124737,0.44,2021-01-02
Bayern,DE,state,delta_vortag,11742,13124737,,2021-01-02
Bayern,DE,state,ind_alter,12855,13124737,,2021-01-02
Bayern,DE,state,ind_prof,25636,13124737,,2021-01-02
Bayern,DE,state,ind_med,1091,13124737,,2021-01-02
Bayern,DE,state,ind_pflege,20428,13124737,,2021-01-02
Berlin,DE,state,sum,14616,3669491,0.4,2021-01-02
Berlin,DE,state,delta_vortag,1443,3669491,,2021-01-02
Berlin,DE,state,ind_alter,9817,3669491,,2021-01-02
Berlin,DE,state,ind_prof,3647,3669491,,2021-01-02
Berlin,DE,state,ind_med,105,3669491,,2021-01-02
Berlin,DE,state,ind_pflege,10968,3669491,,2021-01-02
Brandenburg,DE,state,sum,3219,2521893,0.13,2021-01-02
Brandenburg,DE,state,delta_vortag,,2521893,,2021-01-02
Brandenburg,DE,state,ind_alter,204,2521893,,2021-01-02
Brandenburg,DE,state,ind_prof,2995,2521893,,2021-01-02
Brandenburg,DE,state,ind_med,20,2521893,,2021-01-02
Brandenburg,DE,state,ind_pflege,224,2521893,,2021-01-02
Bremen,DE,state,sum,1837,681202,0.27,2021-01-02
Bremen,DE,state,delta_vortag,96,681202,,2021-01-02
Bremen,DE,state,ind_alter,824,681202,,2021-01-02
Bremen,DE,state,ind_prof,465,681202,,2021-01-02
Bremen,DE,state,ind_med,9,681202,,2021-01-02
Bremen,DE,state,ind_pflege,265,681202,,2021-01-02
Hamburg,DE,state,sum,3704,1847253,0.2,2021-01-02
Hamburg,DE,state,delta_vortag,662,1847253,,2021-01-02
Hamburg,DE,state,ind_alter,1439,1847253,,2021-01-02
Hamburg,DE,state,ind_prof,2010,1847253,,2021-01-02
Hamburg,DE,state,ind_med,,1847253,,2021-01-02
Hamburg,DE,state,ind_pflege,1696,1847253,,2021-01-02
Hessen,DE,state,sum,30085,6288080,0.48,2021-01-02
Hessen,DE,state,delta_vortag,5294,6288080,,2021-01-02
Hessen,DE,state,ind_alter,8443,6288080,,2021-01-02
Hessen,DE,state,ind_prof,17635,6288080,,2021-01-02
Hessen,DE,state,ind_med,1096,6288080,,2021-01-02
Hessen,DE,state,ind_pflege,11569,6288080,,2021-01-02
Mecklenburg-Vorpommern,DE,state,sum,11494,1608138,0.71,2021-01-02
Mecklenburg-Vorpommern,DE,state,delta_vortag,,1608138,,2021-01-02
Mecklenburg-Vorpommern,DE,state,ind_alter,178,1608138,,2021-01-02
Mecklenburg-Vorpommern,DE,state,ind_prof,6583,1608138,,2021-01-02
Mecklenburg-Vorpommern,DE,state,ind_med,8,1608138,,2021-01-02
Mecklenburg-Vorpommern,DE,state,ind_pflege,4804,1608138,,2021-01-02
Niedersachsen,DE,state,sum,4962,7993608,0.06,2021-01-02
Niedersachsen,DE,state,delta_vortag,1017,7993608,,2021-01-02
Niedersachsen,DE,state,ind_alter,912,7993608,,2021-01-02
Niedersachsen,DE,state,ind_prof,2641,7993608,,2021-01-02
Niedersachsen,DE,state,ind_med,982,7993608,,2021-01-02
Niedersachsen,DE,state,ind_pflege,2918,7993608,,2021-01-02
Nordrhein-Westfalen,DE,state,sum,48691,17947221,0.27,2021-01-02
Nordrhein-Westfalen,DE,state,delta_vortag,13142,17947221,,2021-01-02
Nordrhein-Westfalen,DE,state,ind_alter,,17947221,,2021-01-02
Nordrhein-Westfalen,DE,state,ind_prof,18806,17947221,,2021-01-02
Nordrhein-Westfalen,DE,state,ind_med,,17947221,,2021-01-02
Nordrhein-Westfalen,DE,state,ind_pflege,29893,17947221,,2021-01-02
Rheinland-Pfalz,DE,state,sum,7248,4093903,0.18,2021-01-02
Rheinland-Pfalz,DE,state,delta_vortag,59,4093903,,2021-01-02
Rheinland-Pfalz,DE,state,ind_alter,,4093903,,2021-01-02
Rheinland-Pfalz,DE,state,ind_prof,3516,4093903,,2021-01-02
Rheinland-Pfalz,DE,state,ind_med,,4093903,,2021-01-02
Rheinland-Pfalz,DE,state,ind_pflege,3732,4093903,,2021-01-02
Saarland,DE,state,sum,4149,986887,0.42,2021-01-02
Saarland,DE,state,delta_vortag,833,986887,,2021-01-02
Saarland,DE,state,ind_alter,3122,986887,,2021-01-02
Saarland,DE,state,ind_prof,495,986887,,2021-01-02
Saarland,DE,state,ind_med,,986887,,2021-01-02
Saarland,DE,state,ind_pflege,1580,986887,,2021-01-02
Sachsen,DE,state,sum,4343,4071971,0.11,2021-01-02
Sachsen,DE,state,delta_vortag,343,4071971,,2021-01-02
Sachsen,DE,state,ind_alter,368,4071971,,2021-01-02
Sachsen,DE,state,ind_prof,3535,4071971,,2021-01-02
Sachsen,DE,state,ind_med,1,4071971,,2021-01-02
Sachsen,DE,state,ind_pflege,807,4071971,,2021-01-02
Sachsen-Anhalt,DE,state,sum,12822,2194782,0.58,2021-01-02
Sachsen-Anhalt,DE,state,delta_vortag,1051,2194782,,2021-01-02
Sachsen-Anhalt,DE,state,ind_alter,4237,2194782,,2021-01-02
Sachsen-Anhalt,DE,state,ind_prof,6194,2194782,,2021-01-02
Sachsen-Anhalt,DE,state,ind_med,546,2194782,,2021-01-02
Sachsen-Anhalt,DE,state,ind_pflege,6410,2194782,,2021-01-02
Schleswig-Holstein,DE,state,sum,8933,2903773,0.31,2021-01-02
Schleswig-Holstein,DE,state,delta_vortag,969,2903773,,2021-01-02
Schleswig-Holstein,DE,state,ind_alter,2525,2903773,,2021-01-02
Schleswig-Holstein,DE,state,ind_prof,5136,2903773,,2021-01-02
Schleswig-Holstein,DE,state,ind_med,2077,2903773,,2021-01-02
Schleswig-Holstein,DE,state,ind_pflege,3987,2903773,,2021-01-02
Thüringen,DE,state,sum,810,2133378,0.04,2021-01-02
Thüringen,DE,state,delta_vortag,,2133378,,2021-01-02
Thüringen,DE,state,ind_alter,232,2133378,,2021-01-02
Thüringen,DE,state,ind_prof,297,2133378,,2021-01-02
Thüringen,DE,state,ind_med,,2133378,,2021-01-02
Thüringen,DE,state,ind_pflege,413,2133378,,2021-01-02
Germany,DE,nation,sum,238809,83166711,0.29,2021-01-02
Germany,DE,nation,delta_vortag,40665,83166711,,2021-01-02
Germany,DE,nation,ind_alter,56197,83166711,,2021-01-02
Germany,DE,nation,ind_prof,107019,83166711,,2021-01-02
Germany,DE,nation,ind_med,7317,83166711,,2021-01-02
Germany,DE,nation,ind_pflege,103894,83166711,,2021-01-02
Baden-Württemberg,DE,state,sum,27454,11100394,0.25,2021-01-03
Baden-Württemberg,DE,state,delta_vortag,3390,11100394,,2021-01-03
Baden-Württemberg,DE,state,ind_alter,12584,11100394,,2021-01-03
Baden-Württemberg,DE,state,ind_prof,8739,11100394,,2021-01-03
Baden-Württemberg,DE,state,ind_med,1469,11100394,,2021-01-03
Baden-Württemberg,DE,state,ind_pflege,4932,11100394,,2021-01-03
Bayern,DE,state,sum,66258,13124737,0.5,2021-01-03
Bayern,DE,state,delta_vortag,8425,13124737,,2021-01-03
Bayern,DE,state,ind_alter,15480,13124737,,2021-01-03
Bayern,DE,state,ind_prof,31755,13124737,,2021-01-03
Bayern,DE,state,ind_med,1280,13124737,,2021-01-03
Bayern,DE,state,ind_pflege,23823,13124737,,2021-01-03
Berlin,DE,state,sum,17758,3669491,0.48,2021-01-03
Berlin,DE,state,delta_vortag,935,3669491,,2021-01-03
Berlin,DE,state,ind_alter,10507,3669491,,2021-01-03
Berlin,DE,state,ind_prof,6132,3669491,,2021-01-03
Berlin,DE,state,ind_med,105,3669491,,2021-01-03
Berlin,DE,state,ind_pflege,11625,3669491,,2021-01-03
Brandenburg,DE,state,sum,3309,2521893,0.13,2021-01-03
Brandenburg,DE,state,delta_vortag,,2521893,,2021-01-03
Brandenburg,DE,state,ind_alter,204,2521893,,2021-01-03
Brandenburg,DE,state,ind_prof,3085,2521893,,2021-01-03
Brandenburg,DE,state,ind_med,20,2521893,,2021-01-03
Brandenburg,DE,state,ind_pflege,224,2521893,,2021-01-03
Bremen,DE,state,sum,1903,681202,0.28,2021-01-03
Bremen,DE,state,delta_vortag,66,681202,,2021-01-03
Bremen,DE,state,ind_alter,824,681202,,2021-01-03
Bremen,DE,state,ind_prof,506,681202,,2021-01-03
Bremen,DE,state,ind_med,9,681202,,2021-01-03
Bremen,DE,state,ind_pflege,289,681202,,2021-01-03
Hamburg,DE,state,sum,4140,1847253,0.22,2021-01-03
Hamburg,DE,state,delta_vortag,436,1847253,,2021-01-03
Hamburg,DE,state,ind_alter,1616,1847253,,2021-01-03
Hamburg,DE,state,ind_prof,2189,1847253,,2021-01-03
Hamburg,DE,state,ind_med,0,1847253,,2021-01-03
Hamburg,DE,state,ind_pflege,1953,1847253,,2021-01-03
Hessen,DE,state,sum,33405,6288080,0.53,2021-01-03
Hessen,DE,state,delta_vortag,3320,6288080,,2021-01-03
Hessen,DE,state,ind_alter,9387,6288080,,2021-01-03
Hessen,DE,state,ind_prof,19405,6288080,,2021-01-03
Hessen,DE,state,ind_med,1185,6288080,,2021-01-03
Hessen,DE,state,ind_pflege,12955,6288080,,2021-01-03
Mecklenburg-Vorpommern,DE,state,sum,11494,1608138,0.71,2021-01-03
Mecklenburg-Vorpommern,DE,state,delta_vortag,,1608138,,2021-01-03
Mecklenburg-Vorpommern,DE,state,ind_alter,178,1608138,,2021-01-03
Mecklenburg-Vorpommern,DE,state,ind_prof,6583,1608138,,2021-01-03
Mecklenburg-Vorpommern,DE,state,ind_med,8,1608138,,2021-01-03
Mecklenburg-Vorpommern,DE,state,ind_pflege,4804,1608138,,2021-01-03
Niedersachsen,DE,state,sum,5394,7993608,0.07,2021-01-03
Niedersachsen,DE,state,delta_vortag,432,7993608,,2021-01-03
Niedersachsen,DE,state,ind_alter,992,7993608,,2021-01-03
Niedersachsen,DE,state,ind_prof,2822,7993608,,2021-01-03
Niedersachsen,DE,state,ind_med,1035,7993608,,2021-01-03
Niedersachsen,DE,state,ind_pflege,3178,7993608,,2021-01-03
Nordrhein-Westfalen,DE,state,sum,53841,17947221,0.3,2021-01-03
Nordrhein-Westfalen,DE,state,delta_vortag,3539,17947221,,2021-01-03
Nordrhein-Westfalen,DE,state,ind_alter,0,17947221,,2021-01-03
Nordrhein-Westfalen,DE,state,ind_prof,21354,17947221,,2021-01-03
Nordrhein-Westfalen,DE,state,ind_med,0,17947221,,2021-01-03
Nordrhein-Westfalen,DE,state,ind_pflege,32495,17947221,,2021-01-03
Rheinland-Pfalz,DE,state,sum,8282,4093903,0.2,2021-01-03
Rheinland-Pfalz,DE,state,delta_vortag,658,4093903,,2021-01-03
Rheinland-Pfalz,DE,state,ind_alter,0,4093903,,2021-01-03
Rheinland-Pfalz,DE,state,ind_prof,4213,4093903,,2021-01-03
Rheinland-Pfalz,DE,state,ind_med,0,4093903,,2021-01-03
Rheinland-Pfalz,DE,state,ind_pflege,4069,4093903,,2021-01-03
Saarland,DE,state,sum,4149,986887,0.42,2021-01-03
Saarland,DE,state,delta_vortag,,986887,,2021-01-03
Saarland,DE,state,ind_alter,3122,986887,,2021-01-03
Saarland,DE,state,ind_prof,495,986887,,2021-01-03
Saarland,DE,state,ind_med,0,986887,,2021-01-03
Saarland,DE,state,ind_pflege,1580,986887,,2021-01-03
Sachsen,DE,state,sum,4866,4071971,0.12,2021-01-03
Sachsen,DE,state,delta_vortag,523,4071971,,2021-01-03
Sachsen,DE,state,ind_alter,487,4071971,,2021-01-03
Sachsen,DE,state,ind_prof,3765,4071971,,2021-01-03
Sachsen,DE,state,ind_med,1,4071971,,2021-01-03
Sachsen,DE,state,ind_pflege,1100,4071971,,2021-01-03
Sachsen-Anhalt,DE,state,sum,13366,2194782,0.61,2021-01-03
Sachsen-Anhalt,DE,state,delta_vortag,544,2194782,,2021-01-03
Sachsen-Anhalt,DE,state,ind_alter,4391,2194782,,2021-01-03
Sachsen-Anhalt,DE,state,ind_prof,6446,2194782,,2021-01-03
Sachsen-Anhalt,DE,state,ind_med,562,2194782,,2021-01-03
Sachsen-Anhalt,DE,state,ind_pflege,6702,2194782,,2021-01-03
Schleswig-Holstein,DE,state,sum,9557,2903773,0.33,2021-01-03
Schleswig-Holstein,DE,state,delta_vortag,624,2903773,,2021-01-03
Schleswig-Holstein,DE,state,ind_alter,2801,2903773,,2021-01-03
Schleswig-Holstein,DE,state,ind_prof,5317,2903773,,2021-01-03
Schleswig-Holstein,DE,state,ind_med,2325,2903773,,2021-01-03
Schleswig-Holstein,DE,state,ind_pflege,4512,2903773,,2021-01-03
Thüringen,DE,state,sum,810,2133378,0.04,2021-01-03
Thüringen,DE,state,delta_vortag,,2133378,,2021-01-03
Thüringen,DE,state,ind_alter,232,2133378,,2021-01-03
Thüringen,DE,state,ind_prof,297,2133378,,2021-01-03
Thüringen,DE,state,ind_med,0,2133378,,2021-01-03
Thüringen,DE,state,ind_pflege,413,2133378,,2021-01-03
Germany,DE,nation,sum,265986,83166711,0.32,2021-01-03
Germany,DE,nation,delta_vortag,22892,83166711,,2021-01-03
Germany,DE,nation,ind_alter,62805,83166711,,2021-01-03
Germany,DE,nation,ind_prof,123103,83166711,,2021-01-03
Germany,DE,nation,ind_med,7999,83166711,,2021-01-03
Germany,DE,nation,ind_pflege,114654,83166711,,2021-01-03
Baden-Württemberg,DE,state,sum,32182,11100394,0.29,2021-01-04
Baden-Württemberg,DE,state,delta_vortag,4758,11100394,,2021-01-04
Baden-Württemberg,DE,state,ind_alter,15546,11100394,,2021-01-04
Baden-Württemberg,DE,state,ind_prof,9828,11100394,,2021-01-04
Baden-Württemberg,DE,state,ind_med,1716,11100394,,2021-01-04
Baden-Württemberg,DE,state,ind_pflege,5642,11100394,,2021-01-04
Bayern,DE,state,sum,77876,13124737,0.59,2021-01-04
Bayern,DE,state,delta_vortag,11618,13124737,,2021-01-04
Bayern,DE,state,ind_alter,18188,13124737,,2021-01-04
Bayern,DE,state,ind_prof,38306,13124737,,2021-01-04
Bayern,DE,state,ind_med,1554,13124737,,2021-01-04
Bayern,DE,state,ind_pflege,26500,13124737,,2021-01-04
Berlin,DE,state,sum,19389,3669491,0.53,2021-01-04
Berlin,DE,state,delta_vortag,1631,3669491,,2021-01-04
Berlin,DE,state,ind_alter,11608,3669491,,2021-01-04
Berlin,DE,state,ind_prof,6783,3669491,,2021-01-04
Berlin,DE,state,ind_med,105,3669491,,2021-01-04
Berlin,DE,state,ind_pflege,12575,3669491,,2021-01-04
Brandenburg,DE,state,sum,3334,2521893,0.13,2021-01-04
Brandenburg,DE,state,delta_vortag,25,2521893,,2021-01-04
Brandenburg,DE,state,ind_alter,227,2521893,,2021-01-04
Brandenburg,DE,state,ind_prof,3087,2521893,,2021-01-04
Brandenburg,DE,state,ind_med,20,2521893,,2021-01-04
Brandenburg,DE,state,ind_pflege,224,2521893,,2021-01-04
Bremen,DE,state,sum,2653,681202,0.39,2021-01-04
Bremen,DE,state,delta_vortag,700,681202,,2021-01-04
Bremen,DE,state,ind_alter,942,681202,,2021-01-04
Bremen,DE,state,ind_prof,811,681202,,2021-01-04
Bremen,DE,state,ind_med,18,681202,,2021-01-04
Bremen,DE,state,ind_pflege,651,681202,,2021-01-04
Hamburg,DE,state,sum,4756,1847253,0.26,2021-01-04
Hamburg,DE,state,delta_vortag,616,1847253,,2021-01-04
Hamburg,DE,state,ind_alter,1704,1847253,,2021-01-04
Hamburg,DE,state,ind_prof,2698,1847253,,2021-01-04
Hamburg,DE,state,ind_med,0,1847253,,2021-01-04
Hamburg,DE,state,ind_pflege,2060,1847253,,2021-01-04
Hessen,DE,state,sum,37795,6288080,0.6,2021-01-04
Hessen,DE,state,delta_vortag,4390,6288080,,2021-01-04
Hessen,DE,state,ind_alter,10329,6288080,,2021-01-04
Hessen,DE,state,ind_prof,22051,6288080,,2021-01-04
Hessen,DE,state,ind_med,1492,6288080,,2021-01-04
Hessen,DE,state,ind_pflege,14561,6288080,,2021-01-04
Mecklenburg-Vorpommern,DE,state,sum,13832,1608138,0.86,2021-01-04
Mecklenburg-Vorpommern,DE,state,delta_vortag,1773,1608138,,2021-01-04
Mecklenburg-Vorpommern,DE,state,ind_alter,242,1608138,,2021-01-04
Mecklenburg-Vorpommern,DE,state,ind_prof,7738,1608138,,2021-01-04
Mecklenburg-Vorpommern,DE,state,ind_med,29,1608138,,2021-01-04
Mecklenburg-Vorpommern,DE,state,ind_pflege,5968,1608138,,2021-01-04
Niedersachsen,DE,state,sum,8665,7993608,0.11,2021-01-04
Niedersachsen,DE,state,delta_vortag,3271,7993608,,2021-01-04
Niedersachsen,DE,state,ind_alter,1791,7993608,,2021-01-04
Niedersachsen,DE,state,ind_prof,4198,7993608,,2021-01-04
Niedersachsen,DE,state,ind_med,1915,7993608,,2021-01-04
Niedersachsen,DE,state,ind_pflege,5251,7993608,,2021-01-04
Nordrhein-Westfalen,DE,state,sum,62692,17947221,0.35,2021-01-04
Nordrhein-Westfalen,DE,state,delta_vortag,4435,17947221,,2021-01-04
Nordrhein-Westfalen,DE,state,ind_alter,0,17947221,,2021-01-04
Nordrhein-Westfalen,DE,state,ind_prof,25744,17947221,,2021-01-04
Nordrhein-Westfalen,DE,state,ind_med,0,17947221,,2021-01-04
Nordrhein-Westfalen,DE,state,ind_pflege,36956,17947221,,2021-01-04
Rheinland-Pfalz,DE,state,sum,9891,4093903,0.24,2021-01-04
Rheinland-Pfalz,DE,state,delta_vortag,1609,4093903,,2021-01-04
Rheinland-Pfalz,DE,state,ind_alter,0,4093903,,2021-01-04
Rheinland-Pfalz,DE,state,ind_prof,5435,4093903,,2021-01-04
Rheinland-Pfalz,DE,state,ind_med,0,4093903,,2021-01-04
Rheinland-Pfalz,DE,state,ind_pflege,4456,4093903,,2021-01-04
Saarland,DE,state,sum,4836,986887,0.49,2021-01-04
Saarland,DE,state,delta_vortag,687,986887,,2021-01-04
Saarland,DE,state,ind_alter,3655,986887,,2021-01-04
Saarland,DE,state,ind_prof,584,986887,,2021-01-04
Saarland,DE,state,ind_med,0,986887,,2021-01-04
Saarland,DE,state,ind_pflege,1823,986887,,2021-01-04
Sachsen,DE,state,sum,7740,4071971,0.19,2021-01-04
Sachsen,DE,state,delta_vortag,2874,4071971,,2021-01-04
Sachsen,DE,state,ind_alter,662,4071971,,2021-01-04
Sachsen,DE,state,ind_prof,6354,4071971,,2021-01-04
Sachsen,DE,state,ind_med,1,4071971,,2021-01-04
Sachsen,DE,state,ind_pflege,1385,4071971,,2021-01-04
Sachsen-Anhalt,DE,state,sum,15628,2194782,0.71,2021-01-04
Sachsen-Anhalt,DE,state,delta_vortag,2262,2194782,,2021-01-04
Sachsen-Anhalt,DE,state,ind_alter,4967,2194782,,2021-01-04
Sachsen-Anhalt,DE,state,ind_prof,7523,2194782,,2021-01-04
Sachsen-Anhalt,DE,state,ind_med,649,2194782,,2021-01-04
Sachsen-Anhalt,DE,state,ind_pflege,7804,2194782,,2021-01-04
Schleswig-Holstein,DE,state,sum,12978,2903773,0.45,2021-01-04
Schleswig-Holstein,DE,state,delta_vortag,3421,2903773,,2021-01-04
Schleswig-Holstein,DE,state,ind_alter,3427,2903773,,2021-01-04
Schleswig-Holstein,DE,state,ind_prof,6611,2903773,,2021-01-04
Schleswig-Holstein,DE,state,ind_med,2716,2903773,,2021-01-04
Schleswig-Holstein,DE,state,ind_pflege,5616,2903773,,2021-01-04
Thüringen,DE,state,sum,2715,2133378,0.13,2021-01-04
Thüringen,DE,state,delta_vortag,493,2133378,,2021-01-04
Thüringen,DE,state,ind_alter,446,2133378,,2021-01-04
Thüringen,DE,state,ind_prof,1976,2133378,,2021-01-04
Thüringen,DE,state,ind_med,1,2133378,,2021-01-04
Thüringen,DE,state,ind_pflege,413,2133378,,2021-01-04
Germany,DE,nation,sum,316962,83166711,0.38,2021-01-04
Germany,DE,nation,delta_vortag,44563,83166711,,2021-01-04
Germany,DE,nation,ind_alter,73734,83166711,,2021-01-04
Germany,DE,nation,ind_prof,149727,83166711,,2021-01-04
Germany,DE,nation,ind_med,10216,83166711,,2021-01-04
Germany,DE,nation,ind_pflege,131885,83166711,,2021-01-04
Baden-Württemberg,DE,state,sum,37840,11100394,0.34,2021-01-05
Baden-Württemberg,DE,state,delta_vortag,5621,11100394,,2021-01-05
Baden-Württemberg,DE,state,ind_alter,18907,11100394,,2021-01-05
Baden-Württemberg,DE,state,ind_prof,11336,11100394,,2021-01-05
Baden-Württemberg,DE,state,ind_med,2023,11100394,,2021-01-05
Baden-Württemberg,DE,state,ind_pflege,6476,11100394,,2021-01-05
Bayern,DE,state,sum,82749,13124737,0.63,2021-01-05
Bayern,DE,state,delta_vortag,4873,13124737,,2021-01-05
Bayern,DE,state,ind_alter,18957,13124737,,2021-01-05
Bayern,DE,state,ind_prof,40959,13124737,,2021-01-05
Bayern,DE,state,ind_med,1573,13124737,,2021-01-05
Bayern,DE,state,ind_pflege,28182,13124737,,2021-01-05
Berlin,DE,state,sum,21955,3669491,0.6,2021-01-05
Berlin,DE,state,delta_vortag,2566,3669491,,2021-01-05
Berlin,DE,state,ind_alter,13487,3669491,,2021-01-05
Berlin,DE,state,ind_prof,7648,3669491,,2021-01-05
Berlin,DE,state,ind_med,105,3669491,,2021-01-05
Berlin,DE,state,ind_pflege,14247,3669491,,2021-01-05
Brandenburg,DE,state,sum,5404,2521893,0.21,2021-01-05
Brandenburg,DE,state,delta_vortag,2070,2521893,,2021-01-05
Brandenburg,DE,state,ind_alter,287,2521893,,2021-01-05
Brandenburg,DE,state,ind_prof,5097,2521893,,2021-01-05
Brandenburg,DE,state,ind_med,20,2521893,,2021-01-05
Brandenburg,DE,state,ind_pflege,224,2521893,,2021-01-05
Bremen,DE,state,sum,3195,681202,0.47,2021-01-05
Bremen,DE,state,delta_vortag,518,681202,,2021-01-05
Bremen,DE,state,ind_alter,982,681202,,2021-01-05
Bremen,DE,state,ind_prof,1062,681202,,2021-01-05
Bremen,DE,state,ind_med,29,681202,,2021-01-05
Bremen,DE,state,ind_pflege,892,681202,,2021-01-05
Hamburg,DE,state,sum,5901,1847253,0.32,2021-01-05
Hamburg,DE,state,delta_vortag,1145,1847253,,2021-01-05
Hamburg,DE,state,ind_alter,1996,1847253,,2021-01-05
Hamburg,DE,state,ind_prof,3495,1847253,,2021-01-05
Hamburg,DE,state,ind_med,44,1847253,,2021-01-05
Hamburg,DE,state,ind_pflege,2122,1847253,,2021-01-05
Hessen,DE,state,sum,41298,6288080,0.66,2021-01-05
Hessen,DE,state,delta_vortag,3503,6288080,,2021-01-05
Hessen,DE,state,ind_alter,11393,6288080,,2021-01-05
Hessen,DE,state,ind_prof,23963,6288080,,2021-01-05
Hessen,DE,state,ind_med,1657,6288080,,2021-01-05
Hessen,DE,state,ind_pflege,15925,6288080,,2021-01-05
Mecklenburg-Vorpommern,DE,state,sum,18014,1608138,1.12,2021-01-05
Mecklenburg-Vorpommern,DE,state,delta_vortag,2570,1608138,,2021-01-05
Mecklenburg-Vorpommern,DE,state,ind_alter,456,1608138,,2021-01-05
Mecklenburg-Vorpommern,DE,state,ind_prof,10024,1608138,,2021-01-05
Mecklenburg-Vorpommern,DE,state,ind_med,27,1608138,,2021-01-05
Mecklenburg-Vorpommern,DE,state,ind_pflege,7828,1608138,,2021-01-05
Niedersachsen,DE,state,sum,15164,7993608,0.19,2021-01-05
Niedersachsen,DE,state,delta_vortag,6499,7993608,,2021-01-05
Niedersachsen,DE,state,ind_alter,3341,7993608,,2021-01-05
Niedersachsen,DE,state,ind_prof,7376,7993608,,2021-01-05
Niedersachsen,DE,state,ind_med,3112,7993608,,2021-01-05
Niedersachsen,DE,state,ind_pflege,8940,7993608,,2021-01-05
Nordrhein-Westfalen,DE,state,sum,69225,17947221,0.39,2021-01-05
Nordrhein-Westfalen,DE,state,delta_vortag,4160,17947221,,2021-01-05
Nordrhein-Westfalen,DE,state,ind_alter,,17947221,,2021-01-05
Nordrhein-Westfalen,DE,state,ind_prof,28846,17947221,,2021-01-05
Nordrhein-Westfalen,DE,state,ind_med,,17947221,,2021-01-05
Nordrhein-Westfalen,DE,state,ind_pflege,40387,17947221,,2021-01-05
Rheinland-Pfalz,DE,state,sum,12336,4093903,0.3,2021-01-05
Rheinland-Pfalz,DE,state,delta_vortag,2445,4093903,,2021-01-05
Rheinland-Pfalz,DE,state,ind_alter,,4093903,,2021-01-05
Rheinland-Pfalz,DE,state,ind_prof,7191,4093903,,2021-01-05
Rheinland-Pfalz,DE,state,ind_med,,4093903,,2021-01-05
Rheinland-Pfalz,DE,state,ind_pflege,5145,4093903,,2021-01-05
Saarland,DE,state,sum,5633,986887,0.57,2021-01-05
Saarland,DE,state,delta_vortag,797,986887,,2021-01-05
Saarland,DE,state,ind_alter,4279,986887,,2021-01-05
Saarland,DE,state,ind_prof,672,986887,,2021-01-05
Saarland,DE,state,ind_med,,986887,,2021-01-05
Saarland,DE,state,ind_pflege,2156,986887,,2021-01-05
Sachsen,DE,state,sum,10767,4071971,0.26,2021-01-05
Sachsen,DE,state,delta_vortag,3027,4071971,,2021-01-05
Sachsen,DE,state,ind_alter,820,4071971,,2021-01-05
Sachsen,DE,state,ind_prof,8945,4071971,,2021-01-05
Sachsen,DE,state,ind_med,1,4071971,,2021-01-05
Sachsen,DE,state,ind_pflege,1821,4071971,,2021-01-05
Sachsen-Anhalt,DE,state,sum,17123,2194782,0.78,2021-01-05
Sachsen-Anhalt,DE,state,delta_vortag,1495,2194782,,2021-01-05
Sachsen-Anhalt,DE,state,ind_alter,5402,2194782,,2021-01-05
Sachsen-Anhalt,DE,state,ind_prof,8196,2194782,,2021-01-05
Sachsen-Anhalt,DE,state,ind_med,738,2194782,,2021-01-05
Sachsen-Anhalt,DE,state,ind_pflege,8588,2194782,,2021-01-05
Schleswig-Holstein,DE,state,sum,17016,2903773,0.59,2021-01-05
Schleswig-Holstein,DE,state,delta_vortag,3444,2903773,,2021-01-05
Schleswig-Holstein,DE,state,ind_alter,4092,2903773,,2021-01-05
Schleswig-Holstein,DE,state,ind_prof,8459,2903773,,2021-01-05
Schleswig-Holstein,DE,state,ind_med,2932,2903773,,2021-01-05
Schleswig-Holstein,DE,state,ind_pflege,6665,2903773,,2021-01-05
Thüringen,DE,state,sum,3711,2133378,0.17,2021-01-05
Thüringen,DE,state,delta_vortag,500,2133378,,2021-01-05
Thüringen,DE,state,ind_alter,468,2133378,,2021-01-05
Thüringen,DE,state,ind_prof,2856,2133378,,2021-01-05
Thüringen,DE,state,ind_med,7,2133378,,2021-01-05
Thüringen,DE,state,ind_pflege,500,2133378,,2021-01-05
Germany,DE,nation,sum,367331,83166711,0.44,2021-01-05
Germany,DE,nation,delta_vortag,45233,83166711,,2021-01-05
Germany,DE,nation,ind_alter,84867,83166711,,2021-01-05
Germany,DE,nation,ind_prof,176125,83166711,,2021-01-05
Germany,DE,nation,ind_med,12268,83166711,,2021-01-05
Germany,DE,nation,ind_pflege,150098,83166711,,2021-01-05
Baden-Württemberg,DE,state,sum,42899,11100394,0.39,2021-01-06
Baden-Württemberg,DE,state,delta_vortag,4971,11100394,,2021-01-06
Baden-Württemberg,DE,state,ind_alter,22030,11100394,,2021-01-06
Baden-Württemberg,DE,state,ind_prof,12661,11100394,,2021-01-06
Baden-Württemberg,DE,state,ind_med,2303,11100394,,2021-01-06
Baden-Württemberg,DE,state,ind_pflege,7340,11100394,,2021-01-06
Bayern,DE,state,sum,84349,13124737,0.64,2021-01-06
Bayern,DE,state,delta_vortag,1600,13124737,,2021-01-06
Bayern,DE,state,ind_alter,19266,13124737,,2021-01-06
Bayern,DE,state,ind_prof,41737,13124737,,2021-01-06
Bayern,DE,state,ind_med,1595,13124737,,2021-01-06
Bayern,DE,state,ind_pflege,28908,13124737,,2021-01-06
Berlin,DE,state,sum,24159,3669491,0.66,2021-01-06
Berlin,DE,state,delta_vortag,2204,3669491,,2021-01-06
Berlin,DE,state,ind_alter,15037,3669491,,2021-01-06
Berlin,DE,state,ind_prof,8402,3669491,,2021-01-06
Berlin,DE,state,ind_med,105,3669491,,2021-01-06
Berlin,DE,state,ind_pflege,15272,3669491,,2021-01-06
Brandenburg,DE,state,sum,8182,2521893,0.32,2021-01-06
Brandenburg,DE,state,delta_vortag,2778,2521893,,2021-01-06
Brandenburg,DE,state,ind_alter,436,2521893,,2021-01-06
Brandenburg,DE,state,ind_prof,7724,2521893,,2021-01-06
Brandenburg,DE,state,ind_med,21,2521893,,2021-01-06
Brandenburg,DE,state,ind_pflege,433,2521893,,2021-01-06
Bremen,DE,state,sum,3825,681202,0.56,2021-01-06
Bremen,DE,state,delta_vortag,630,681202,,2021-01-06
Bremen,DE,state,ind_alter,1018,681202,,2021-01-06
Bremen,DE,state,ind_prof,1397,681202,,2021-01-06
Bremen,DE,state,ind_med,31,681202,,2021-01-06
Bremen,DE,state,ind_pflege,1182,681202,,2021-01-06
Hamburg,DE,state,sum,7079,1847253,0.38,2021-01-06
Hamburg,DE,state,delta_vortag,1178,1847253,,2021-01-06
Hamburg,DE,state,ind_alter,2415,1847253,,2021-01-06
Hamburg,DE,state,ind_prof,3561,1847253,,2021-01-06
Hamburg,DE,state,ind_med,86,1847253,,2021-01-06
Hamburg,DE,state,ind_pflege,2271,1847253,,2021-01-06
Hessen,DE,state,sum,44122,6288080,0.7,2021-01-06
Hessen,DE,state,delta_vortag,2824,6288080,,2021-01-06
Hessen,DE,state,ind_alter,11916,6288080,,2021-01-06
Hessen,DE,state,ind_prof,25931,6288080,,2021-01-06
Hessen,DE,state,ind_med,1853,6288080,,2021-01-06
Hessen,DE,state,ind_pflege,16780,6288080,,2021-01-06
Mecklenburg-Vorpommern,DE,state,sum,21713,1608138,1.35,2021-01-06
Mecklenburg-Vorpommern,DE,state,delta_vortag,2359,1608138,,2021-01-06
Mecklenburg-Vorpommern,DE,state,ind_alter,811,1608138,,2021-01-06
Mecklenburg-Vorpommern,DE,state,ind_prof,11746,1608138,,2021-01-06
Mecklenburg-Vorpommern,DE,state,ind_med,46,1608138,,2021-01-06
Mecklenburg-Vorpommern,DE,state,ind_pflege,9712,1608138,,2021-01-06
Niedersachsen,DE,state,sum,22608,7993608,0.28,2021-01-06
Niedersachsen,DE,state,delta_vortag,7444,7993608,,2021-01-06
Niedersachsen,DE,state,ind_alter,5209,7993608,,2021-01-06
Niedersachsen,DE,state,ind_prof,10900,7993608,,2021-01-06
Niedersachsen,DE,state,ind_med,4698,7993608,,2021-01-06
Niedersachsen,DE,state,ind_pflege,13321,7993608,,2021-01-06
Nordrhein-Westfalen,DE,state,sum,79578,17947221,0.44,2021-01-06
Nordrhein-Westfalen,DE,state,delta_vortag,8851,17947221,,2021-01-06
Nordrhein-Westfalen,DE,state,ind_alter,,17947221,,2021-01-06
Nordrhein-Westfalen,DE,state,ind_prof,33961,17947221,,2021-01-06
Nordrhein-Westfalen,DE,state,ind_med,,17947221,,2021-01-06
Nordrhein-Westfalen,DE,state,ind_pflege,45625,17947221,,2021-01-06
Rheinland-Pfalz,DE,state,sum,15984,4093903,0.39,2021-01-06
Rheinland-Pfalz,DE,state,delta_vortag,3648,4093903,,2021-01-06
Rheinland-Pfalz,DE,state,ind_alter,,4093903,,2021-01-06
Rheinland-Pfalz,DE,state,ind_prof,9796,4093903,,2021-01-06
Rheinland-Pfalz,DE,state,ind_med,,4093903,,2021-01-06
Rheinland-Pfalz,DE,state,ind_pflege,6188,4093903,,2021-01-06
Saarland,DE,state,sum,6511,986887,0.66,2021-01-06
Saarland,DE,state,delta_vortag,878,986887,,2021-01-06
Saarland,DE,state,ind_alter,4940,986887,,2021-01-06
Saarland,DE,state,ind_prof,813,986887,,2021-01-06
Saarland,DE,state,ind_med,,986887,,2021-01-06
Saarland,DE,state,ind_pflege,2430,986887,,2021-01-06
Sachsen,DE,state,sum,13006,4071971,0.32,2021-01-06
Sachsen,DE,state,delta_vortag,2239,4071971,,2021-01-06
Sachsen,DE,state,ind_alter,858,4071971,,2021-01-06
Sachsen,DE,state,ind_prof,11072,4071971,,2021-01-06
Sachsen,DE,state,ind_med,1,4071971,,2021-01-06
Sachsen,DE,state,ind_pflege,1933,4071971,,2021-01-06
Sachsen-Anhalt,DE,state,sum,17624,2194782,0.8,2021-01-06
Sachsen-Anhalt,DE,state,delta_vortag,501,2194782,,2021-01-06
Sachsen-Anhalt,DE,state,ind_alter,5569,2194782,,2021-01-06
Sachsen-Anhalt,DE,state,ind_prof,8461,2194782,,2021-01-06
Sachsen-Anhalt,DE,state,ind_med,738,2194782,,2021-01-06
Sachsen-Anhalt,DE,state,ind_pflege,8818,2194782,,2021-01-06
Schleswig-Holstein,DE,state,sum,20078,2903773,0.69,2021-01-06
Schleswig-Holstein,DE,state,delta_vortag,3062,2903773,,2021-01-06
Schleswig-Holstein,DE,state,ind_alter,4842,2903773,,2021-01-06
Schleswig-Holstein,DE,state,ind_prof,9282,2903773,,2021-01-06
Schleswig-Holstein,DE,state,ind_med,3234,2903773,,2021-01-06
Schleswig-Holstein,DE,state,ind_pflege,7768,2903773,,2021-01-06
Thüringen,DE,state,sum,5343,2133378,0.25,2021-01-06
Thüringen,DE,state,delta_vortag,1165,2133378,,2021-01-06
Thüringen,DE,state,ind_alter,650,2133378,,2021-01-06
Thüringen,DE,state,ind_prof,4096,2133378,,2021-01-06
Thüringen,DE,state,ind_med,21,2133378,,2021-01-06
Thüringen,DE,state,ind_pflege,583,2133378,,2021-01-06
Germany,DE,nation,sum,417060,83166711,0.5,2021-01-06
Germany,DE,nation,delta_vortag,46332,83166711,,2021-01-06
Germany,DE,nation,ind_alter,94997,83166711,,2021-01-06
Germany,DE,nation,ind_prof,201540,83166711,,2021-01-06
Germany,DE,nation,ind_med,14732,83166711,,2021-01-06
Germany,DE,nation,ind_pflege,168564,83166711,,2021-01-06
Baden-Württemberg,DE,state,sum,49103,11100394,0.44,2021-01-07
Baden-Württemberg,DE,state,delta_vortag,6180,11100394,,2021-01-07
Baden-Württemberg,DE,state,ind_alter,25827,11100394,,2021-01-07
Baden-Württemberg,DE,state,ind_prof,14560,11100394,,2021-01-07
Baden-Württemberg,DE,state,ind_med,2433,11100394,,2021-01-07
Baden-Württemberg,DE,state,ind_pflege,8088,11100394,,2021-01-07
Bayern,DE,state,sum,88916,13124737,0.68,2021-01-07
Bayern,DE,state,delta_vortag,4567,13124737,,2021-01-07
Bayern,DE,state,ind_alter,20212,13124737,,2021-01-07
Bayern,DE,state,ind_prof,44516,13124737,,2021-01-07
Bayern,DE,state,ind_med,1609,13124737,,2021-01-07
Bayern,DE,state,ind_pflege,30110,13124737,,2021-01-07
Berlin,DE,state,sum,26406,3669491,0.72,2021-01-07
Berlin,DE,state,delta_vortag,2247,3669491,,2021-01-07
Berlin,DE,state,ind_alter,16673,3669491,,2021-01-07
Berlin,DE,state,ind_prof,9109,3669491,,2021-01-07
Berlin,DE,state,ind_med,105,3669491,,2021-01-07
Berlin,DE,state,ind_pflege,16773,3669491,,2021-01-07
Brandenburg,DE,state,sum,11481,2521893,0.46,2021-01-07
Brandenburg,DE,state,delta_vortag,3299,2521893,,2021-01-07
Brandenburg,DE,state,ind_alter,1029,2521893,,2021-01-07
Brandenburg,DE,state,ind_prof,10391,2521893,,2021-01-07
Brandenburg,DE,state,ind_med,53,2521893,,2021-01-07
Brandenburg,DE,state,ind_pflege,558,2521893,,2021-01-07
Bremen,DE,state,sum,4505,681202,0.66,2021-01-07
Bremen,DE,state,delta_vortag,621,681202,,2021-01-07
Bremen,DE,state,ind_alter,1033,681202,,2021-01-07
Bremen,DE,state,ind_prof,1764,681202,,2021-01-07
Bremen,DE,state,ind_med,34,681202,,2021-01-07
Bremen,DE,state,ind_pflege,1491,681202,,2021-01-07
Hamburg,DE,state,sum,8471,1847253,0.46,2021-01-07
Hamburg,DE,state,delta_vortag,1392,1847253,,2021-01-07
Hamburg,DE,state,ind_alter,2788,1847253,,2021-01-07
Hamburg,DE,state,ind_prof,4313,1847253,,2021-01-07
Hamburg,DE,state,ind_med,108,1847253,,2021-01-07
Hamburg,DE,state,ind_pflege,2352,1847253,,2021-01-07
Hessen,DE,state,sum,46006,6288080,0.73,2021-01-07
Hessen,DE,state,delta_vortag,1884,6288080,,2021-01-07
Hessen,DE,state,ind_alter,12286,6288080,,2021-01-07
Hessen,DE,state,ind_prof,27009,6288080,,2021-01-07
Hessen,DE,state,ind_med,2101,6288080,,2021-01-07
Hessen,DE,state,ind_pflege,17520,6288080,,2021-01-07
Mecklenburg-Vorpommern,DE,state,sum,24060,1608138,1.5,2021-01-07
Mecklenburg-Vorpommern,DE,state,delta_vortag,1792,1608138,,2021-01-07
Mecklenburg-Vorpommern,DE,state,ind_alter,1260,1608138,,2021-01-07
Mecklenburg-Vorpommern,DE,state,ind_prof,12515,1608138,,2021-01-07
Mecklenburg-Vorpommern,DE,state,ind_med,137,1608138,,2021-01-07
Mecklenburg-Vorpommern,DE,state,ind_pflege,11130,1608138,,2021-01-07
Niedersachsen,DE,state,sum,32170,7993608,0.4,2021-01-07
Niedersachsen,DE,state,delta_vortag,7975,7993608,,2021-01-07
Niedersachsen,DE,state,ind_alter,7075,7993608,,2021-01-07
Niedersachsen,DE,state,ind_prof,15989,7993608,,2021-01-07
Niedersachsen,DE,state,ind_med,6226,7993608,,2021-01-07
Niedersachsen,DE,state,ind_pflege,18332,7993608,,2021-01-07
Nordrhein-Westfalen,DE,state,sum,90802,17947221,0.51,2021-01-07
Nordrhein-Westfalen,DE,state,delta_vortag,5986,17947221,,2021-01-07
Nordrhein-Westfalen,DE,state,ind_alter,0,17947221,,2021-01-07
Nordrhein-Westfalen,DE,state,ind_prof,39465,17947221,,2021-01-07
Nordrhein-Westfalen,DE,state,ind_med,0,17947221,,2021-01-07
Nordrhein-Westfalen,DE,state,ind_pflege,51345,17947221,,2021-01-07
Rheinland-Pfalz,DE,state,sum,20792,4093903,0.51,2021-01-07
Rheinland-Pfalz,DE,state,delta_vortag,4991,4093903,,2021-01-07
Rheinland-Pfalz,DE,state,ind_alter,2154,4093903,,2021-01-07
Rheinland-Pfalz,DE,state,ind_prof,11833,4093903,,2021-01-07
Rheinland-Pfalz,DE,state,ind_med,0,4093903,,2021-01-07
Rheinland-Pfalz,DE,state,ind_pflege,6805,4093903,,2021-01-07
Saarland,DE,state,sum,7358,986887,0.75,2021-01-07
Saarland,DE,state,delta_vortag,837,986887,,2021-01-07
Saarland,DE,state,ind_alter,5596,986887,,2021-01-07
Saarland,DE,state,ind_prof,966,986887,,2021-01-07
Saarland,DE,state,ind_med,0,986887,,2021-01-07
Saarland,DE,state,ind_pflege,2663,986887,,2021-01-07
Sachsen,DE,state,sum,15593,4071971,0.38,2021-01-07
Sachsen,DE,state,delta_vortag,2587,4071971,,2021-01-07
Sachsen,DE,state,ind_alter,985,4071971,,2021-01-07
Sachsen,DE,state,ind_prof,13343,4071971,,2021-01-07
Sachsen,DE,state,ind_med,1,4071971,,2021-01-07
Sachsen,DE,state,ind_pflege,2249,4071971,,2021-01-07
Sachsen-Anhalt,DE,state,sum,19399,2194782,0.88,2021-01-07
Sachsen-Anhalt,DE,state,delta_vortag,1775,2194782,,2021-01-07
Sachsen-Anhalt,DE,state,ind_alter,6008,2194782,,2021-01-07
Sachsen-Anhalt,DE,state,ind_prof,9554,2194782,,2021-01-07
Sachsen-Anhalt,DE,state,ind_med,783,2194782,,2021-01-07
Sachsen-Anhalt,DE,state,ind_pflege,9500,2194782,,2021-01-07
Schleswig-Holstein,DE,state,sum,23903,2903773,0.82,2021-01-07
Schleswig-Holstein,DE,state,delta_vortag,3831,2903773,,2021-01-07
Schleswig-Holstein,DE,state,ind_alter,5606,2903773,,2021-01-07
Schleswig-Holstein,DE,state,ind_prof,10747,2903773,,2021-01-07
Schleswig-Holstein,DE,state,ind_med,3655,2903773,,2021-01-07
Schleswig-Holstein,DE,state,ind_pflege,9099,2903773,,2021-01-07
Thüringen,DE,state,sum,7994,2133378,0.37,2021-01-07
Thüringen,DE,state,delta_vortag,974,2133378,,2021-01-07
Thüringen,DE,state,ind_alter,782,2133378,,2021-01-07
Thüringen,DE,state,ind_prof,6399,2133378,,2021-01-07
Thüringen,DE,state,ind_med,22,2133378,,2021-01-07
Thüringen,DE,state,ind_pflege,731,2133378,,2021-01-07
Germany,DE,nation,sum,476959,83166711,0.57,2021-01-07
Germany,DE,nation,delta_vortag,50938,83166711,,2021-01-07
Germany,DE,nation,ind_alter,109314,83166711,,2021-01-07
Germany,DE,nation,ind_prof,232473,83166711,,2021-01-07
Germany,DE,nation,ind_med,17267,83166711,,2021-01-07
Germany,DE,nation,ind_pflege,188746,83166711,,2021-01-07
Baden-Württemberg,DE,state,sum,55320,11100394,0.5,2021-01-08
Baden-Württemberg,DE,state,delta_vortag,6213,11100394,,2021-01-08
Baden-Württemberg,DE,state,ind_alter,29263,11100394,,2021-01-08
Baden-Württemberg,DE,state,ind_prof,16514,11100394,,2021-01-08
Baden-Württemberg,DE,state,ind_med,2561,11100394,,2021-01-08
Baden-Württemberg,DE,state,ind_pflege,9100,11100394,,2021-01-08
Bayern,DE,state,sum,93966,13124737,0.72,2021-01-08
Bayern,DE,state,delta_vortag,5050,13124737,,2021-01-08
Bayern,DE,state,ind_alter,20665,13124737,,2021-01-08
Bayern,DE,state,ind_prof,47801,13124737,,2021-01-08
Bayern,DE,state,ind_med,1676,13124737,,2021-01-08
Bayern,DE,state,ind_pflege,31568,13124737,,2021-01-08
Berlin,DE,state,sum,28871,3669491,0.79,2021-01-08
Berlin,DE,state,delta_vortag,2465,3669491,,2021-01-08
Berlin,DE,state,ind_alter,18591,3669491,,2021-01-08
Berlin,DE,state,ind_prof,9676,3669491,,2021-01-08
Berlin,DE,state,ind_med,105,3669491,,2021-01-08
Berlin,DE,state,ind_pflege,18171,3669491,,2021-01-08
Brandenburg,DE,state,sum,13895,2521893,0.55,2021-01-08
Brandenburg,DE,state,delta_vortag,2414,2521893,,2021-01-08
Brandenburg,DE,state,ind_alter,1608,2521893,,2021-01-08
Brandenburg,DE,state,ind_prof,12192,2521893,,2021-01-08
Brandenburg,DE,state,ind_med,87,2521893,,2021-01-08
Brandenburg,DE,state,ind_pflege,908,2521893,,2021-01-08
Bremen,DE,state,sum,5291,681202,0.78,2021-01-08
Bremen,DE,state,delta_vortag,720,681202,,2021-01-08
Bremen,DE,state,ind_alter,1054,681202,,2021-01-08
Bremen,DE,state,ind_prof,2103,681202,,2021-01-08
Bremen,DE,state,ind_med,42,681202,,2021-01-08
Bremen,DE,state,ind_pflege,1924,681202,,2021-01-08
Hamburg,DE,state,sum,9888,1847253,0.54,2021-01-08
Hamburg,DE,state,delta_vortag,1417,1847253,,2021-01-08
Hamburg,DE,state,ind_alter,3172,1847253,,2021-01-08
Hamburg,DE,state,ind_prof,5188,1847253,,2021-01-08
Hamburg,DE,state,ind_med,116,1847253,,2021-01-08
Hamburg,DE,state,ind_pflege,2579,1847253,,2021-01-08
Hessen,DE,state,sum,48653,6288080,0.77,2021-01-08
Hessen,DE,state,delta_vortag,2647,6288080,,2021-01-08
Hessen,DE,state,ind_alter,12574,6288080,,2021-01-08
Hessen,DE,state,ind_prof,28861,6288080,,2021-01-08
Hessen,DE,state,ind_med,2320,6288080,,2021-01-08
Hessen,DE,state,ind_pflege,18148,6288080,,2021-01-08
Mecklenburg-Vorpommern,DE,state,sum,25141,1608138,1.56,2021-01-08
Mecklenburg-Vorpommern,DE,state,delta_vortag,779,1608138,,2021-01-08
Mecklenburg-Vorpommern,DE,state,ind_alter,1473,1608138,,2021-01-08
Mecklenburg-Vorpommern,DE,state,ind_prof,13122,1608138,,2021-01-08
Mecklenburg-Vorpommern,DE,state,ind_med,194,1608138,,2021-01-08
Mecklenburg-Vorpommern,DE,state,ind_pflege,11541,1608138,,2021-01-08
Niedersachsen,DE,state,sum,41646,7993608,0.52,2021-01-08
Niedersachsen,DE,state,delta_vortag,7803,7993608,,2021-01-08
Niedersachsen,DE,state,ind_alter,9369,7993608,,2021-01-08
Niedersachsen,DE,state,ind_prof,20483,7993608,,2021-01-08
Niedersachsen,DE,state,ind_med,7978,7993608,,2021-01-08
Niedersachsen,DE,state,ind_pflege,22615,7993608,,2021-01-08
Nordrhein-Westfalen,DE,state,sum,98950,17947221,0.55,2021-01-08
Nordrhein-Westfalen,DE,state,delta_vortag,6574,17947221,,2021-01-08
Nordrhein-Westfalen,DE,state,ind_alter,0,17947221,,2021-01-08
Nordrhein-Westfalen,DE,state,ind_prof,43671,17947221,,2021-01-08
Nordrhein-Westfalen,DE,state,ind_med,0,17947221,,2021-01-08
Nordrhein-Westfalen,DE,state,ind_pflege,55287,17947221,,2021-01-08
Rheinland-Pfalz,DE,state,sum,25482,4093903,0.62,2021-01-08
Rheinland-Pfalz,DE,state,delta_vortag,4376,4093903,,2021-01-08
Rheinland-Pfalz,DE,state,ind_alter,3777,4093903,,2021-01-08
Rheinland-Pfalz,DE,state,ind_prof,14104,4093903,,2021-01-08
Rheinland-Pfalz,DE,state,ind_med,4,4093903,,2021-01-08
Rheinland-Pfalz,DE,state,ind_pflege,7597,4093903,,2021-01-08
Saarland,DE,state,sum,8232,986887,0.83,2021-01-08
Saarland,DE,state,delta_vortag,874,986887,,2021-01-08
Saarland,DE,state,ind_alter,6236,986887,,2021-01-08
Saarland,DE,state,ind_prof,1104,986887,,2021-01-08
Saarland,DE,state,ind_med,0,986887,,2021-01-08
Saarland,DE,state,ind_pflege,2938,986887,,2021-01-08
Sachsen,DE,state,sum,17991,4071971,0.44,2021-01-08
Sachsen,DE,state,delta_vortag,2398,4071971,,2021-01-08
Sachsen,DE,state,ind_alter,1024,4071971,,2021-01-08
Sachsen,DE,state,ind_prof,15283,4071971,,2021-01-08
Sachsen,DE,state,ind_med,1,4071971,,2021-01-08
Sachsen,DE,state,ind_pflege,2707,4071971,,2021-01-08
Sachsen-Anhalt,DE,state,sum,20799,2194782,0.95,2021-01-08
Sachsen-Anhalt,DE,state,delta_vortag,1400,2194782,,2021-01-08
Sachsen-Anhalt,DE,state,ind_alter,6427,2194782,,2021-01-08
Sachsen-Anhalt,DE,state,ind_prof,10228,2194782,,2021-01-08
Sachsen-Anhalt,DE,state,ind_med,987,2194782,,2021-01-08
Sachsen-Anhalt,DE,state,ind_pflege,10214,2194782,,2021-01-08
Schleswig-Holstein,DE,state,sum,28241,2903773,0.97,2021-01-08
Schleswig-Holstein,DE,state,delta_vortag,3936,2903773,,2021-01-08
Schleswig-Holstein,DE,state,ind_alter,6486,2903773,,2021-01-08
Schleswig-Holstein,DE,state,ind_prof,12623,2903773,,2021-01-08
Schleswig-Holstein,DE,state,ind_med,3947,2903773,,2021-01-08
Schleswig-Holstein,DE,state,ind_pflege,10551,2903773,,2021-01-08
Thüringen,DE,state,sum,10512,2133378,0.49,2021-01-08
Thüringen,DE,state,delta_vortag,1000,2133378,,2021-01-08
Thüringen,DE,state,ind_alter,903,2133378,,2021-01-08
Thüringen,DE,state,ind_prof,8583,2133378,,2021-01-08
Thüringen,DE,state,ind_med,25,2133378,,2021-01-08
Thüringen,DE,state,ind_pflege,924,2133378,,2021-01-08
Germany,DE,nation,sum,532878,83166711,0.64,2021-01-08
Germany,DE,nation,delta_vortag,50066,83166711,,2021-01-08
Germany,DE,nation,ind_alter,122622,83166711,,2021-01-08
Germany,DE,nation,ind_prof,261536,83166711,,2021-01-08
Germany,DE,nation,ind_med,20043,83166711,,2021-01-08
Germany,DE,nation,ind_pflege,206772,83166711,,2021-01-08
